time and date,Date ,The current   shift is ,Name of the supervisor ,Number of total admitted patients in the  both wards (male and female) now (write in digit only),Number of new admission cases,Number of referal cases outside hospital , Number of  waiting cases in ER for admission,Waiting cases for admission in DR,NUmber of cases waiting for discharge ,Number of LAMA cases (leave against mdical advice),Number of nurses absenteeism,Number of death cases ,Number of CPR cases,Number of OVR ,Number of cesarean section,Number of other surgeries ,Number of normal delivery cases ,Number of cases in RR ,Number of cases in female ER (write digit only),Number of cases in male ER (write digit only),Number of cases in DR (write digit only),Number of cases in HD (write digit only),Number of nurses in female Ward ,Number of nurses in male ward ,Number of nurses in DR including OB OPD,Number of nurses in ICU ,Number of nurses in NICU and nursery ,Number of nurses in HD or in call ,Number of telemedicine cases ,Number of isolation admitted cases ,Number of admitted islolated Covid postive cases,Number of intubated cases outside ICU including ER,Overall impression about the duety ,"Best nurse in your opinion during the shift including responisble, head (write the emplyee number only ) only one nurse ",,,,,,,
3/2/2022 23:27:16,3/2/2022,Evening shift,Mrs. Doaa Madkhali,65,5,2,8,3,0,1,0,0,0,0,2,0,0,3,6,8,7,0,3,3,3,4,3,2,0,6,1,0,Good,7346915,,,,,,,
3/3/2022 6:28:52,3/2/2022,Night shift,Mrs. MERCY JOLLY,66,3,2,5,3,1,0,1,0,0,2,0,0,1,3,5,8,8,0,3,3,3,3,3,0,0,1,5,0,Good,51572763,,,,,,,
3/4/2022 6:39:03,3/3/2022,Night shift,Mrs. MERCY JOLLY,63,2,1,4,0,1,0,1,0,0,1,1,0,1,1,0,8,5,0,3,4,3,3,3,2,0,1,3,3,Good,81523,,,,,,,
3/4/2022 15:48:23,3/4/2022,Morning shift ,Mrs. Doaa Madkhali,64,0,0,5,0,1,0,1,0,0,0,0,1,2,2,0,3,3,0,5,3,4,3,4,2,0,0,0,1,Good,51552860,,,,,,,
3/5/2022 0:17:59,3/4/2022,Evening shift,Anitha Mathew,59,4,0,1,0,0,0,0,0,0,0,0,1,0,4,2,2,5,0,3,3,4,4,3,2,0,1,4,1,Good,7346943,,,,,,,
3/5/2022 6:44:12,3/4/2022,Night shift,Mrs. MERCY JOLLY,57,0,1,4,0,0,1,1,0,0,0,0,1,2,2,4,2,3,0,3,4,3,3,3,2,0,1,4,2,Good,7336925,,,,,,,
3/5/2022 15:43:52,3/5/2022,Morning shift,Mrs. Doaa Madkhali,52,2,0,3,2,0,0,1,1,1,0,2,1,2,4,0,4,5,0,4,3,4,3,3,2,1,2,0,1,Good,51554389,,,,,,,
3/5/2022 23:31:11,3/5/2022,Evening shift,Anitha Mathew,53,3,0,5,0,9,0,1,0,0,0,0,4,1,2,2,5,1,0,3,3,3,4,2,2,0,1,3,1,Good,51572763,,,,,,,
3/6/2022 6:36:39,3/5/2022,Night shift,Mrs. MERCY JOLLY,57,3,1,10,0,0,0,0,0,0,0,0,1,1,4,2,8,2,0,3,4,3,4,3,2,0,1,3,3,Good,106719,,,,,,,
3/6/2022 15:30:31,3/6/2022,Morning shift,Mrs. Abeer Khalofa,58,2,1,10,3,9,0,2,1,1,1,0,1,1,4,0,7,3,8,4,4,4,5,4,5,1,1,4,1,Good,kadhian,,,,,,,
3/6/2022 23:14:01,3/6/2022,Evening shift,Anitha Mathew,59,7,1,7,0,0,0,1,0,0,0,1,0,2,3,1,4,2,0,3,3,4,4,3,2,0,1,4,1,Good,51552581,,,,,,,
3/7/2022 6:22:14,3/6/2022,Night shift,Mrs. Doaa Madkhali,63,5,1,7,0,0,0,0,0,0,0,0,1,1,3,0,5,3,0,3,4,4,3,3,2,0,7,5,1,Good,7349821,,,,,,,
3/7/2022 17:02:14,3/7/2022,Morning shift,Mrs. Abeer Khalofa,59,0,1,7,1,2,0,0,1,1,0,1,5,3,1,0,4,7,10,4,4,4,5,4,7,1,5,4,7,Good,hind ,,,,,,,
3/7/2022 22:57:19,3/7/2022,Evening shift,Anitha Mathew,55,5,0,5,0,0,1,2,1,1,1,2,0,1,1,0,4,6,4,3,3,3,3,3,2,0,1,5,1,Good,73039,,,,,,,
3/8/2022 6:01:53,3/7/2022,Night shift,Mrs. Doaa Madkhali,56,3,1,7,0,0,0,0,2,2,0,0,1,1,2,0,4,6,0,3,3,4,3,3,2,0,7,5,0,Good,51546495,,,,,,,
3/8/2022 17:16:47,3/8/2022,Morning shift,Mrs. Abeer Khalofa,60,9,1,6,4,2,1,0,2,2,1,2,5,4,2,0,3,5,10,4,4,4,5,4,7,0,6,5,1,Fair,Shopa ,,,,,,,
3/8/2022 22:51:37,3/8/2022,Evening shift,Mrs. MERCY JOLLY,60,5,0,5,0,0,2,1,0,0,0,1,0,4,4,2,8,8,6,3,4,4,3,2,2,0,0,4,0,Good,51572763,,,,,,,
3/9/2022 4:26:11,3/8/2022,Morning shift,Mrs. Doaa Madkhali,64,5,1,2,0,0,1,0,0,0,0,0,0,1,0,0,2,7,0,4,3,4,3,2,2,0,0,4,0,Excellent,121288,,,,,,,
3/9/2022 15:17:52,3/9/2022,Morning shift,Mrs. Abeer Khalofa,65,1,1,6,6,4,0,2,0,0,2,2,10,4,2,5,8,6,29,4,4,4,5,3,7,0,5,5,3,Good,Jumah,,,,,,,
3/9/2022 22:36:03,3/9/2022,Evening shift,Mrs. MERCY JOLLY,66,5,0,3,1,0,0,1,0,0,0,1,1,0,2,10,15,15,8,3,4,3,3,2,2,0,0,5,1,Good,51507476,,,,,,,
3/10/2022 5:16:21,3/9/2022,Night shift,Anitha Mathew,71,7,0,3,0,0,0,1,0,0,0,0,0,1,1,4,3,9,0,4,3,3,3,2,2,0,0,5,1,Good,SHEDA,,,,,,,
3/10/2022 15:21:26,3/10/2022,Morning shift,Mrs. Abeer Khalofa,71,1,1,4,4,8,0,1,0,0,1,5,10,3,2,3,8,11,29,5,5,5,5,4,7,1,5,5,2,Good,Hend,,,,,,,
3/10/2022 23:00:21,3/10/2022,Evening shift,Mrs. MERCY JOLLY,69,6,4,7,3,4,0,0,0,0,0,0,0,1,7,10,15,9,8,4,3,3,3,2,2,0,0,5,0,Good,7348095,,,,,,,
3/11/2022 5:32:13,3/10/2022,Night shift,Anitha Mathew,70,11,0,2,3,0,0,2,0,0,0,1,0,1,2,5,4,7,0,4,3,3,3,2,2,0,0,0,0,Good,51571318,,,,,,,
3/11/2022 13:37:03,3/11/2022,Morning shift,Mrs. Doaa Madkhali,70,5,0,2,4,7,1,2,0,0,2,1,0,0,1,1,0,10,0,3,4,4,3,3,2,0,0,5,0,Excellent,51553441,,,,,,,
3/11/2022 22:45:33,3/11/2022,Evening shift,Mrs. MERCY JOLLY,68,5,1,3,4,0,2,0,0,0,0,1,0,1,7,8,10,11,0,3,5,3,3,2,2,2,0,5,0,Good,51554389,,,,,,,
3/12/2022 6:41:46,3/11/2022,Evening shift,Anitha Mathew,73,4,2,1,2,0,1,1,1,0,0,0,0,0,0,1,1,8,0,3,3,3,3,3,2,0,0,5,0,Good,73039,,,,,,,
3/12/2022 14:23:18,3/12/2022,Morning shift,Mrs. Doaa Madkhali,72,4,0,3,0,10,1,1,0,0,0,0,0,2,2,0,1,3,1,3,4,3,3,3,2,0,0,5,0,Good,51507476,,,,,,,
3/12/2022 23:23:16,3/12/2022,Evening shift,Mrs. MERCY JOLLY,69,9,0,4,0,2,1,0,0,0,0,0,1,5,8,10,16,16,7,3,3,3,3,2,2,0,0,6,0,Fair,51524378,,,,,,,
3/13/2022 5:45:16,3/12/2022,Night shift,Anitha Mathew,68,2,0,5,0,0,1,1,0,0,0,0,0,2,3,4,3,4,0,2,3,3,4,3,2,0,0,6,0,Good,51554389,,,,,,,
3/13/2022 15:23:30,3/13/2022,Morning shift,Mrs. Abeer Khalofa,67,2,1,6,0,2,0,1,1,1,0,0,7,3,2,3,4,7,29,5,5,5,5,4,7,0,5,5,0,Good,Ahamed ,,,,,,,
3/13/2022 22:59:06,3/13/2022,Evening shift,Mrs. MERCY JOLLY,66,6,1,5,0,0,1,0,1,0,0,1,1,0,6,6,12,16,7,3,3,3,3,3,2,0,1,7,0,Good,7318403,,,,,,,
3/14/2022 5:58:38,3/13/2022,Night shift,Mrs. Doaa Madkhali,68,4,0,4,0,0,1,0,0,0,0,0,0,1,2,0,0,6,0,3,4,3,3,2,2,0,4,7,1,Excellent,51552581,,,,,,,
3/14/2022 15:22:08,3/14/2022,Morning shift,Mrs. Abeer Khalofa,69,2,2,2,8,0,0,2,0,0,0,1,6,3,1,4,5,8,28,5,5,4,5,4,7,0,8,8,1,Good,Ahmed ,,,,,,,
3/14/2022 22:41:52,3/14/2022,Evening shift,Anitha Mathew,74,13,0,1,1,0,1,0,0,0,0,0,0,2,1,3,4,10,4,4,3,3,3,3,2,0,1,7,1,Good,51571318,,,,,,,
3/15/2022 5:52:18,3/14/2022,Night shift,Mrs. Doaa Madkhali,77,7,0,4,0,0,1,0,1,1,0,1,1,2,3,0,2,9,0,4,4,3,3,3,2,0,2,8,0,Good,7318403,,,,,,,
3/15/2022 15:34:28,3/15/2022,Morning shift,Mrs. Abeer Khalofa,73,1,0,4,2,0,1,2,1,1,0,2,7,1,2,3,3,7,29,5,4,4,4,5,7,0,1,8,1,Good,kadhian,,,,,,,
3/15/2022 23:00:12,3/15/2022,Evening shift,Anitha Mathew,74,12,1,0,0,0,2,0,1,1,0,0,0,2,2,2,3,7,4,4,3,4,3,3,2,0,1,7,1,Good,7318435,,,,,,,
3/16/2022 4:57:05,3/15/2022,Night shift,Mrs. Doaa Madkhali,78,10,2,0,0,1,0,1,0,0,0,0,1,2,0,0,2,13,0,4,4,3,3,4,2,0,0,7,1,Excellent,74713,,,,,,,
3/16/2022 23:30:03,3/16/2022,Evening shift,Anitha Mathew,72,10,0,2,1,0,0,0,1,1,0,1,0,2,3,1,2,3,3,4,4,5,3,3,2,0,1,6,1,Good,51504625,,,,,,,
3/17/2022 6:47:54,3/16/2022,Night shift,Mrs. MERCY JOLLY,74,4,1,5,0,0,1,1,0,0,0,1,1,1,6,8,10,4,0,4,3,4,3,3,2,0,1,6,1,Good,51524548,,,,,,,
3/17/2022 7:43:03,3/16/2022,Morning shift,Mrs. Abeer Khalofa,77,2,3,3,10,2,0,2,1,1,1,2,8,3,1,3,4,12,28,5,5,4,5,4,7,1,0,7,3,Poor,Meged ,,,,,,,
3/17/2022 21:59:59,3/17/2022,Evening shift,Mrs. Doaa Madkhali,65,12,0,4,0,0,1,1,0,0,0,0,0,0,2,4,8,9,0,5,3,4,3,3,2,0,4,6,1,Excellent,73039,,,,,,,
3/18/2022 7:36:04,3/17/2022,Night shift,Mrs. MERCY JOLLY,71,9,1,3,0,0,1,1,0,0,0,0,1,1,7,12,20,8,0,4,3,3,4,3,2,1,1,6,2,Fair,7318403,,,,,,,
3/18/2022 15:03:47,3/18/2022,Evening shift,Anitha Mathew,71,9,2,4,1,3,1,0,0,0,1,1,2,4,1,3,0,9,0,4,3,5,4,3,2,0,1,6,1,Good,51503987,,,,,,,
3/18/2022 22:22:14,3/18/2022,Evening shift,Mrs. Doaa Madkhali,74,7,1,4,2,1,1,2,1,1,0,0,1,0,0,2,0,5,0,3,4,4,3,2,2,0,1,6,1,Good,7346943,,,,,,,
3/19/2022 7:02:39,3/18/2022,Night shift,Mrs. MERCY JOLLY,79,7,0,5,0,0,1,1,0,0,1,0,0,1,8,12,12,7,0,4,3,3,3,2,2,0,2,6,1,Good,2538474,,,,,,,
3/19/2022 22:05:24,3/19/2022,Evening shift,Mrs. Doaa Madkhali,78,10,1,2,1,0,2,0,0,0,0,0,1,1,1,1,0,6,0,4,4,3,3,2,2,0,1,6,1,Good,7349494,,,,,,,
3/20/2022 6:36:29,3/19/2022,Night shift,Mrs. MERCY JOLLY,77,0,0,3,0,2,1,0,0,0,0,0,0,2,4,10,10,7,0,5,4,3,3,3,2,1,2,6,1,Good,7345415,,,,,,,
3/20/2022 15:58:12,3/20/2022,Morning shift,Mrs. Abeer Khalofa,78,6,0,2,2,3,1,2,0,0,0,2,9,3,1,3,5,11,28,7,6,5,5,4,7,1,1,7,1,Good,Ahamed ,,,,,,,
3/20/2022 22:29:05,3/20/2022,Evening shift,Mrs. Doaa Madkhali,76,7,1,2,2,0,1,0,0,0,0,1,0,0,2,1,0,7,0,5,4,3,3,2,2,0,2,5,1,Good,7336113,,,,,,,
3/21/2022 6:36:46,3/20/2022,Night shift,Anitha Mathew,78,9,0,2,1,0,2,2,0,0,0,1,1,2,2,3,3,11,0,3,3,4,3,2,2,0,2,5,1,Good,51507476,,,,,,,
3/21/2022 15:27:58,3/21/2022,Morning shift,Mrs. Abeer Khalofa,76,5,1,2,2,0,0,2,0,0,0,1,7,3,2,3,1,12,28,7,6,4,5,5,7,1,1,5,1,Good,Abdultaf,,,,,,,
3/21/2022 22:45:21,3/21/2022,Evening shift,Mrs. MERCY JOLLY,70,5,0,2,1,3,0,1,1,1,1,0,1,0,4,14,16,22,8,5,4,3,4,2,2,1,2,5,1,Good,7349795,,,,,,,
3/22/2022 5:35:01,3/21/2022,Night shift,Anitha Mathew,72,6,0,4,2,0,1,0,0,0,0,0,0,2,3,2,2,12,0,4,4,3,3,2,2,0,2,5,1,Good,Fathima,,,,,,,
3/22/2022 15:43:32,3/22/2022,Morning shift,Mrs. Abeer Khalofa,84,11,0,5,1,0,1,2,1,1,0,1,7,3,2,2,1,14,29,8,5,4,4,5,7,0,0,5,1,Good,Awaji ,,,,,,,
3/22/2022 22:29:19,3/22/2022,Evening shift,Mrs. Doaa Madkhali,70,7,1,3,2,0,0,1,0,1,0,3,0,0,1,0,1,9,0,4,3,4,3,3,2,0,0,3,1,Good,7348740,,,,,,,
3/23/2022 7:14:18,3/22/2022,Night shift,Anitha Mathew,75,9,1,0,1,0,2,0,0,0,0,0,0,0,0,2,1,7,0,4,3,4,3,2,2,0,2,3,1,Good,130238,,,,,,,
3/23/2022 22:24:17,3/23/2022,Evening shift,Mrs. Doaa Madkhali,71,9,1,2,0,0,2,1,1,1,0,0,2,0,1,0,0,0,0,3,3,4,3,3,2,0,0,3,1,Good,74713,,,,,,,
3/24/2022 6:47:22,3/23/2022,Night shift,Mrs. MERCY JOLLY,74,4,4,0,1,4,1,0,0,0,1,0,0,1,2,13,20,11,0,4,4,3,3,2,2,2,2,3,1,Good,0130238,,,,,,,
3/24/2022 15:30:22,3/24/2022,Morning shift,Mrs. Abeer Khalofa,73,7,1,0,1,0,0,1,1,1,1,2,10,3,0,0,0,8,26,6,5,5,4,3,7,0,1,3,1,Good,Musbah ,,,,,,,
3/25/2022 6:46:24,3/24/2022,Night shift,Mrs. MERCY JOLLY,69,6,0,1,0,4,0,0,1,1,1,1,1,3,4,15,18,10,0,4,4,3,3,2,2,0,2,2,0,Good,109737,,,,,,,
3/25/2022 14:29:37,3/25/2022,Morning shift,Mrs. Doaa Madkhali,70,6,0,0,0,7,0,0,0,0,0,0,0,3,0,0,0,8,0,5,3,4,4,2,2,0,1,2,0,Excellent,51552581,,,,,,,
3/25/2022 22:25:38,3/25/2022,Evening shift,Anitha Mathew,68,4,0,1,0,0,1,2,1,1,0,0,0,1,1,3,2,6,0,3,2,3,3,2,2,0,0,2,0,Good,7318435,,,,,,,
3/26/2022 7:12:42,3/25/2022,Night shift,Mrs. MERCY JOLLY,72,4,1,1,0,4,0,1,1,1,1,0,0,4,6,15,20,11,0,4,4,3,2,2,2,0,2,3,1,Good,51561980,,,,,,,
3/26/2022 14:20:20,3/26/2022,Morning shift,Mrs. Doaa Madkhali,68,5,0,2,0,8,0,1,0,0,1,1,2,2,3,1,0,9,10,4,3,5,2,3,6,0,0,3,0,Excellent,106719,,,,,,,
3/26/2022 22:26:46,3/26/2022,Evening shift,Anitha Mathew,70,15,0,1,1,0,0,1,0,0,0,0,0,2,1,2,2,6,4,4,3,4,3,2,2,0,0,3,0,Good,Jamila T,,,,,,,
3/27/2022 6:44:48,3/26/2022,Night shift,Mrs. MERCY JOLLY,74,3,0,3,0,4,0,1,0,0,1,1,0,1,1,10,8,5,0,4,3,3,2,3,2,0,1,4,1,Good,7336112,,,,,,,
3/27/2022 15:19:19,3/27/2022,Morning shift,Mrs. Abeer Khalofa,73,12,0,2,0,0,1,2,0,0,0,0,4,3,0,3,1,6,26,6,5,5,4,5,7,0,0,4,1,Good,Alhanoof ,,,,,,,
3/27/2022 22:19:20,3/27/2022,Evening shift,Anitha Mathew,67,16,0,0,0,0,2,0,1,1,0,1,0,4,4,3,3,6,5,4,4,4,3,3,2,0,0,4,0,Good,NOORA,,,,,,,
3/28/2022 6:05:47,3/27/2022,Night shift,Mrs. Doaa Madkhali,68,5,0,0,0,0,0,1,0,0,0,0,1,0,0,0,0,7,0,3,3,4,3,2,2,0,1,4,0,Good,5150746,,,,,,,
3/28/2022 14:55:00,3/28/2022,Morning shift,Mrs. Abeer Khalofa,68,7,1,2,1,0,0,1,0,0,0,1,10,1,1,2,2,10,26,5,4,5,4,4,7,0,1,4,1,Fair,Kathyh,,,,,,,
3/28/2022 22:52:00,3/28/2022,Evening shift,Mrs. MERCY JOLLY,76,9,0,1,2,3,0,0,0,0,0,2,2,3,10,17,20,17,6,3,3,3,3,2,2,0,2,4,1,Good,7348333,,,,,,,
3/29/2022 5:56:00,3/28/2022,Night shift,Mrs. Doaa Madkhali,76,5,0,2,2,0,1,1,0,0,0,0,0,0,2,0,0,14,0,4,3,4,3,2,2,0,0,4,0,Excellent,51553441,,,,,,,
3/29/2022 15:47:50,3/29/2022,Morning shift,Mrs. Abeer Khalofa,77,4,0,4,6,5,0,2,0,0,3,2,10,0,2,4,3,14,26,6,5,5,4,3,7,0,0,4,1,Good,Abdltif,,,,,,,
3/29/2022 23:02:40,3/29/2022,Evening shift,Mrs. MERCY JOLLY,72,3,1,4,4,3,2,3,1,1,0,1,1,2,3,20,20,10,6,3,3,3,3,3,2,0,0,4,1,Good,7718133,,,,,,,
3/30/2022 6:15:45,3/29/2022,Night shift,Mrs. Doaa Madkhali,77,5,0,0,4,0,0,0,0,0,0,1,0,0,0,0,0,10,0,5,3,4,3,2,2,0,3,4,0,Excellent,73039,,,,,,,
3/30/2022 15:13:26,3/30/2022,Morning shift,Mrs. Abeer Khalofa,76,9,0,2,10,4,0,1,0,0,0,2,10,2,2,2,0,14,27,6,4,5,4,2,7,0,3,4,1,Fair,Awajhy,,,,,,,
3/30/2022 22:56:18,3/30/2022,Evening shift,Mrs. MERCY JOLLY,72,7,0,2,4,3,0,0,0,0,0,0,0,1,5,20,25,22,6,3,4,4,3,2,2,0,2,4,1,Good,51571318,,,,,,,
3/31/2022 5:43:58,3/30/2022,Night shift,Anitha Mathew,75,5,1,1,4,0,0,3,0,0,0,0,0,2,3,5,3,11,0,3,2,3,3,2,2,0,0,4,0,Good,Thahani,,,,,,,
3/31/2022 23:29:53,3/31/2022,Evening shift,Mrs. MERCY JOLLY,58,6,1,3,2,2,2,1,1,2,0,2,0,1,10,25,15,8,8,3,2,3,3,3,2,1,3,2,1,Good,73039,,,,,,,
4/1/2022 5:43:19,3/31/2022,Night shift,Anitha Mathew,60,5,0,0,1,0,0,2,0,0,0,0,0,2,2,1,5,6,0,3,2,3,2,2,2,0,0,2,0,Good,Thahani,,,,,,,
4/1/2022 16:01:20,4/1/2022,Morning shift,Mrs. Abeer Khalofa,60,2,1,2,5,0,0,5,1,1,0,1,0,6,2,0,0,9,2,4,2,4,3,2,0,0,2,0,0,Good,Takeri ahmed ,,,,,,,
4/1/2022 23:52:59,4/1/2022,Evening shift,Mrs. MERCY JOLLY,58,4,2,2,1,1,0,0,0,1,0,1,1,0,10,10,15,10,0,3,3,4,3,3,2,2,2,2,1,Good,7349795,,,,,,,
4/2/2022 5:25:01,4/1/2022,Night shift,Anitha Mathew,64,9,1,1,1,0,2,0,0,0,0,0,0,0,2,3,3,5,0,4,3,3,3,3,2,0,0,2,0,Good,NOORA,,,,,,,
4/2/2022 15:09:36,4/2/2022,Morning shift,Mrs. Abeer Khalofa,67,4,0,2,1,0,5,3,0,0,0,0,0,3,2,0,0,3,0,4,2,3,3,3,0,0,1,1,0,Good,Sorrya,,,,,,,
4/3/2022 0:42:16,4/3/2022,Evening shift,Mrs. Abeer Khalofa,61,3,0,2,4,0,1,1,0,0,1,0,0,3,3,4,8,4,23,4,3,3,3,3,6,0,1,3,0,Good,Awaji ,,,,,,,
4/3/2022 7:12:23,4/2/2022,Night shift,Mrs. Doaa Madkhali,60,6,1,0,0,0,2,0,0,0,0,0,0,2,0,0,0,6,0,4,3,4,3,3,2,0,1,2,0,Excellent,51554114,,,,,,,
4/3/2022 15:09:32,4/3/2022,Morning shift,Mrs. Fatmah taher,62,3,1,1,1,0,0,3,0,0,1,2,7,2,1,0,0,11,27,7,6,6,4,4,7,0,0,0,0,Good,Hend ahmed ,,,,,,,
4/3/2022 23:42:52,4/3/0022,Evening shift,Anitha Mathew,54,7,0,1,1,0,2,0,1,1,0,0,0,2,3,3,2,9,5,4,3,4,3,2,2,0,0,1,0,Good,Wafa,,,,,,,
4/4/2022 5:05:19,4/3/2022,Night shift,Mrs. Doaa Madkhali,54,7,0,1,1,0,1,0,0,0,0,0,0,3,0,0,0,9,0,4,3,4,3,3,2,0,0,1,0,Excellent,121288,,,,,,,
4/4/2022 15:15:34,4/4/2022,Morning shift,Mrs. Fatmah taher,59,9,0,1,5,3,0,0,0,0,0,1,6,4,1,0,0,10,27,8,5,6,4,5,2,0,1,0,0,Good,Batool mosa ,,,,,,,
4/4/2022 22:28:12,4/4/2022,Evening shift,Anitha Mathew,54,2,0,0,0,0,2,0,0,0,0,0,0,2,0,3,4,10,5,4,3,3,3,2,2,0,0,1,0,Good,Wafa,,,,,,,
4/5/2022 5:47:22,4/4/2022,Night shift,Mrs. Doaa Madkhali,56,5,1,0,0,0,1,0,0,1,0,0,1,1,2,0,0,8,0,5,3,3,3,3,2,0,1,1,1,Good,7345415,,,,,,,
4/5/2022 15:01:37,4/5/2022,Morning shift,Mrs. MERCY JOLLY,59,5,0,0,1,8,1,0,1,1,0,1,0,4,4,6,10,17,29,7,5,5,4,5,7,0,1,1,1,Good,51563595,,,,,,,
4/5/2022 22:43:14,4/5/2022,Evening shift,Anitha Mathew,58,6,1,1,2,0,2,0,1,1,0,1,0,2,0,2,2,9,5,4,3,3,3,2,2,0,0,1,0,Good,ANU,,,,,,,
4/6/2022 7:08:48,4/5/2022,Night shift,Mrs. Abeer Khalofa,61,9,0,1,9,0,1,0,0,0,0,1,0,0,0,2,1,9,0,4,3,4,3,3,2,0,1,2,1,Excellent,Sherrin ,,,,,,,
4/6/2022 14:57:54,4/6/2022,Morning shift,Mrs. Fatmah taher,68,4,0,0,4,0,0,1,0,0,2,2,5,2,0,0,0,4,27,8,4,6,4,4,2,0,0,0,1,Good,Hadia,,,,,,,
4/6/2022 22:48:08,4/6/2022,Evening shift,Mrs. MERCY JOLLY,63,0,0,0,0,5,0,0,0,0,0,0,1,4,3,6,7,10,7,4,3,4,3,2,2,0,1,3,1,Excellent,7348333,,,,,,,
4/7/2022 7:18:22,4/6/2022,Night shift,Mrs. Abeer Khalofa,63,11,0,2,1,0,0,0,0,0,0,2,3,1,1,4,3,4,0,4,3,3,3,3,2,0,2,3,1,Good,maryam D FW ,,,,,,,
4/7/2022 18:31:14,4/7/2022,Morning shift,Anitha Mathew,63,4,2,1,2,4,1,1,0,1,0,1,1,2,3,3,4,6,12,6,5,4,4,4,2,0,0,3,1,Good,ARYA,,,,,,,
4/7/2022 22:24:46,4/7/2022,Evening shift,Mrs. Fatmah taher,57,1,0,0,0,0,1,2,0,0,0,0,0,0,0,0,0,1,0,4,3,3,3,2,2,0,1,0,2,Excellent,Sorrya ,,,,,,,
4/8/2022 8:13:48,4/7/2022,Night shift,Mrs. Abeer Khalofa,58,6,2,0,0,0,0,0,0,0,0,1,1,1,3,4,6,1,0,4,4,4,3,3,2,2,4,3,2,Good,Mareem FW,,,,,,,
4/8/2022 13:53:02,4/8/2022,Morning shift,Anitha Mathew,55,2,0,3,0,3,0,2,0,0,0,0,0,1,3,2,3,2,0,4,3,4,3,3,2,1,0,3,0,Good,NIMMI,,,,,,,
4/8/2022 22:09:01,4/8/2022,Evening shift,Mrs. Fatmah taher,52,3,1,2,0,0,1,1,0,0,1,0,0,0,1,0,0,2,2,4,3,3,3,2,2,1,0,0,2,Good,Varsha ,,,,,,,
4/9/2022 6:52:53,4/8/2022,Night shift,Mrs. MERCY JOLLY,52,5,1,1,0,0,0,1,0,0,0,0,0,1,5,17,26,5,0,4,3,3,3,3,2,2,2,3,3,Good,51524548,,,,,,,
4/9/2022 14:24:37,4/9/2022,Morning shift,Anitha Mathew,55,7,1,1,0,3,0,2,0,0,0,1,0,1,1,3,4,4,7,4,3,4,3,2,2,0,0,3,0,Good,Amala,,,,,,,
4/9/2022 22:28:57,4/9/2022,Evening shift,Mrs. Abeer Khalofa,54,4,0,0,0,0,1,0,0,0,0,1,0,3,2,4,5,6,1,4,3,4,3,2,2,0,3,3,2,Good,Ebtisam - FW ,,,,,,,
4/10/2022 6:52:02,4/9/2022,Night shift,Mrs. MERCY JOLLY,56,4,1,1,0,0,2,2,0,0,1,1,0,2,5,10,12,15,0,4,3,3,3,3,2,2,0,3,2,Good,51524458,,,,,,,
4/10/2022 15:00:14,3/10/2022,Morning shift,Mrs. Fatmah taher,53,3,0,1,1,0,2,1,1,1,1,1,3,2,0,0,0,1,28,8,5,5,4,4,2,0,0,0,2,Excellent,Sabain ,,,,,,,
4/10/2022 23:35:27,4/10/2022,Evening shift,Mrs. Abeer Khalofa,52,11,1,1,0,0,0,0,1,1,0,0,0,1,4,4,3,9,0,4,2,4,3,2,2,0,2,3,1,Good,Areej DR ,,,,,,,
4/11/2022 6:53:13,4/10/2022,Night shift,Mrs. MERCY JOLLY,60,7,2,1,0,0,0,0,1,1,0,0,0,1,5,15,20,27,0,4,2,4,3,3,2,2,1,3,1,Good,7348441,,,,,,,
4/11/2022 15:06:10,4/11/2022,Morning shift,Mrs. Fatmah taher,62,4,1,2,2,4,0,0,0,0,1,1,4,1,1,0,0,4,28,8,5,5,4,1,2,0,1,0,1,Good,Aisha majershi ,,,,,,,
4/11/2022 23:49:12,4/11/2022,Evening shift,Mrs. Abeer Khalofa,61,9,0,4,0,0,1,3,1,1,0,1,2,3,4,5,6,6,0,3,2,4,3,2,2,0,4,3,1,Good,Shame DR ,,,,,,,
4/12/2022 5:30:51,4/11/2022,Night shift,Anitha Mathew,31,9,0,4,1,0,1,0,0,0,0,1,0,3,3,4,4,9,0,3,2,4,3,2,2,1,0,3,0,Good,Noora,,,,,,,
4/12/2022 16:39:34,4/12/2022,Morning shift,Mrs. Fatmah taher,75,5,1,3,5,0,1,0,1,0,1,1,2,3,2,1,1,11,28,8,3,3,4,4,2,0,0,0,3,Good, Gomah ,,,,,,,
4/12/2022 23:50:24,4/12/2022,Evening shift,Mrs. MERCY JOLLY,73,7,0,0,0,0,0,0,0,0,0,1,0,5,6,8,9,23,8,4,3,4,3,2,2,2,1,2,1,Good,51571318,,,,,,,
4/13/2022 6:01:24,4/12/2022,Night shift,Anitha Mathew,75,5,0,2,0,0,0,1,0,0,0,0,0,2,2,4,2,6,0,4,3,3,3,2,2,0,0,2,0,Good,Mariyam,,,,,,,
4/13/2022 15:31:36,4/13/2022,Morning shift,Mrs. Abeer Khalofa,72,5,0,0,0,1,1,1,1,1,0,1,5,1,0,0,0,0,25,6,4,4,4,4,7,0,3,2,1,Good,Jomah-DR,,,,,,,
4/13/2022 23:34:51,4/13/2022,Evening shift,Mrs. MERCY JOLLY,70,6,0,2,1,1,0,1,0,0,0,0,0,3,6,6,9,17,9,3,3,4,3,2,2,0,3,1,1,Good,7346915,,,,,,,
4/14/2022 5:39:27,4/13/2022,Night shift,Anitha Mathew,76,15,0,1,2,0,0,1,0,0,0,0,0,5,3,1,3,9,0,3,3,4,3,2,2,0,0,1,0,Good,Aisha,,,,,,,
4/14/2022 14:58:28,4/14/2022,Morning shift,Mrs. Fatmah taher,78,3,0,3,5,0,1,1,1,0,0,4,7,1,2,0,1,5,28,8,4,5,4,3,2,0,0,0,1,Good,Hadeel ,,,,,,,
4/14/2022 23:39:59,4/14/2022,Evening shift,Mrs. MERCY JOLLY,71,6,1,1,0,3,1,0,0,0,1,0,0,2,2,6,8,8,8,4,3,4,3,2,2,0,2,0,1,Good,7336113,,,,,,,
4/15/2022 7:34:10,4/14/2022,Night shift,Mrs. Abeer Khalofa,61,3,1,2,0,0,2,0,0,0,0,0,0,2,2,3,4,5,0,4,3,4,3,3,2,0,4,0,1,Good,Mareem - FW,,,,,,,
4/15/2022 14:59:40,4/15/2022,Morning shift,Mrs. Fatmah taher,64,4,0,1,5,0,1,0,0,0,0,1,1,1,0,0,1,7,0,4,3,3,3,2,2,1,0,0,1,Good,Nabahah ,,,,,,,
4/15/2022 22:38:44,4/15/2022,Evening shift,Anitha Mathew,61,5,0,3,1,0,0,1,0,0,0,1,0,2,3,4,3,9,0,3,3,3,3,2,2,0,0,0,0,Good,Hadeel,,,,,,,
4/16/2022 7:54:08,4/15/2022,Night shift,Mrs. Abeer Khalofa,65,12,0,6,0,0,1,0,1,1,1,0,1,4,3,2,3,12,0,3,3,4,3,2,2,0,4,0,1,Good,Sahar.  ER,,,,,,,
4/16/2022 15:01:21,4/16/2022,Morning shift,Mrs. Fatmah taher,69,3,1,6,10,0,0,2,1,0,0,0,0,4,4,0,1,11,1,4,3,3,3,2,2,1,0,1,1,Good,Walaa ,,,,,,,
4/16/2022 22:25:33,4/16/2022,Evening shift,Anitha Mathew,65,9,0,4,1,0,0,3,0,0,0,0,0,2,3,4,3,9,5,3,3,3,3,3,2,0,0,1,0,Good,NOORA,,,,,,,
4/17/2022 7:13:54,4/16/2022,Night shift,Mrs. MERCY JOLLY,75,6,1,5,0,0,0,0,0,0,0,0,1,1,10,20,30,8,0,3,3,3,3,3,2,0,4,1,1,Good,0130290,,,,,,,
4/17/2022 15:11:46,4/17/2022,Morning shift,Mrs. Fatmah taher,75,4,1,4,5,0,0,1,1,1,0,0,3,3,2,1,1,11,27,8,6,5,5,4,2,0,0,0,0,Good,Shaha ,,,,,,,
4/17/2022 23:32:31,4/17/2022,Evening shift,Mrs. Abeer Khalofa,74,12,0,2,1,0,1,0,0,0,0,1,1,1,2,5,4,8,0,3,3,3,3,2,0,0,2,1,0,Good,Norah FW,,,,,,,
4/18/2022 7:38:48,4/17/2022,Night shift,Mrs. MERCY JOLLY,75,4,1,3,0,0,0,0,0,0,2,0,0,3,10,12,18,21,0,3,3,3,3,3,2,1,3,1,1,Good,51554389,,,,,,,
4/18/2022 14:30:15,4/18/2022,Morning shift,Anitha Mathew,78,9,2,1,0,6,0,2,1,1,0,0,1,2,3,2,2,9,12,8,4,4,4,4,5,1,0,1,0,Good,Hanoof,,,,,,,
4/19/2022 0:19:14,4/18/2022,Evening shift,Mrs. Abeer Khalofa,71,6,1,2,4,5,2,0,1,3,0,2,0,5,3,5,2,16,0,4,3,3,3,2,2,0,5,1,1,Fair,Hadyah.    ER ,,,,,,,
4/19/2022 5:34:12,4/18/2022,Night shift,Mrs. Doaa Madkhali,75,7,0,3,2,0,0,0,2,2,0,3,0,0,0,2,0,12,0,4,3,3,3,3,2,0,6,1,0,Good,51573728,,,,,,,
4/19/2022 14:30:43,4/19/2022,Morning shift,Anitha Mathew,77,4,0,4,3,3,0,1,0,0,0,2,2,2,0,4,2,9,14,8,4,4,4,3,4,0,0,1,0,Good,JUMA,,,,,,,
4/19/2022 23:52:12,4/19/2022,Evening shift,Mrs. MERCY JOLLY,70,7,1,3,2,0,1,1,0,2,0,0,1,1,4,8,10,3,6,4,3,3,3,2,2,1,5,1,1,Good,7349795,,,,,,,
4/20/2022 6:14:13,4/19/2022,Night shift,Mrs. Doaa Madkhali,76,13,0,3,3,0,0,0,0,1,0,0,2,1,2,0,0,10,0,4,3,3,3,3,2,0,1,1,1,Good,7346915,,,,,,,
4/20/2022 14:36:49,4/20/2022,Morning shift,Anitha Mathew,76,3,1,3,2,4,0,1,1,1,0,0,1,2,3,1,3,12,14,8,4,4,4,3,5,0,0,1,0,Good,Omaima,,,,,,,
4/20/2022 23:38:17,4/20/2022,Evening shift,Mrs. MERCY JOLLY,67,5,2,0,2,0,0,2,0,0,0,0,0,1,5,8,12,11,8,3,3,3,3,2,2,1,4,0,0,Good,7346456,,,,,,,
4/21/2022 6:12:50,4/20/2022,Night shift,Mrs. Doaa Madkhali,69,7,0,3,0,0,1,0,1,1,0,1,0,0,1,1,1,7,0,3,3,3,3,2,2,0,1,0,0,Good,7318323,,,,,,,
4/21/2022 14:52:14,4/21/2022,Morning shift,Mrs. Fatmah taher,71,4,0,2,6,0,0,1,0,1,1,2,5,1,2,1,1,10,28,8,6,3,4,4,2,0,0,0,1,Good,Nimmy ,,,,,,,
4/22/2022 0:02:25,4/21/2022,Evening shift,Mrs. MERCY JOLLY,68,5,0,4,0,1,0,2,0,0,1,1,1,1,6,6,10,15,8,3,3,3,3,2,2,0,5,0,0,Good,51573729,,,,,,,
4/22/2022 8:09:53,4/21/2022,Night shift,Mrs. Abeer Khalofa,73,3,0,2,1,0,0,0,0,1,1,1,3,1,2,4,6,9,0,3,3,3,3,3,2,0,1,0,0,Fair,Ebtisam. FW,,,,,,,
4/22/2022 15:19:39,4/22/2022,Morning shift,Mrs. Fatmah taher,74,5,1,4,8,0,0,1,1,1,0,2,2,2,2,1,0,8,0,4,3,2,3,2,2,0,0,0,1,Good,Ahmed madkhali ,,,,,,,
4/22/2022 23:47:35,4/22/2022,Evening shift,Mrs. MERCY JOLLY,68,3,3,3,0,1,0,1,0,1,0,0,0,2,7,6,12,10,0,3,3,3,3,2,2,0,3,1,0,Good,51554389,,,,,,,
4/23/2022 5:25:00,4/22/2022,Night shift,Mrs. Doaa Madkhali,74,11,0,0,0,0,0,0,0,0,0,1,2,1,0,0,0,9,0,3,3,3,3,3,2,0,1,1,0,Excellent,51566422,,,,,,,
4/23/2022 14:59:38,4/23/2022,Morning shift,Mrs. Fatmah taher,76,4,0,2,8,0,0,0,0,1,0,2,2,4,1,1,1,9,0,4,4,3,3,2,2,0,0,0,2,Good,Ali sumily ,,,,,,,
4/24/2022 0:23:23,4/23/2022,Evening shift,Mrs. Abeer Khalofa,78,3,0,2,3,0,1,0,0,0,0,4,4,2,1,2,3,13,0,3,3,3,3,2,2,1,0,0,0,Good,Ebtisam.  FW ,,,,,,,
4/24/2022 6:11:19,4/23/2022,Night shift,Mrs. Doaa Madkhali,80,6,1,2,4,0,1,0,0,0,0,0,0,2,2,1,0,11,0,3,3,3,3,2,2,0,0,1,0,Good,2538720,,,,,,,
4/24/2022 15:45:15,4/24/2022,Morning shift,Mrs. MERCY JOLLY,81,3,0,7,3,10,1,0,0,0,3,0,0,2,5,9,14,34,26,8,5,4,3,3,6,1,4,2,0,Good,51503745,,,,,,,
4/24/2022 22:18:24,4/24/2022,Evening shift,Mrs. Fatmah taher,63,2,0,5,5,0,0,1,0,0,1,1,1,2,1,3,1,11,0,4,4,3,3,2,2,0,0,0,1,Good,Walaa ,,,,,,,
4/25/2022 5:37:57,4/24/2022,Night shift,Anitha Mathew,70,13,4,3,3,0,0,1,0,0,0,1,0,2,4,3,3,10,0,3,3,3,3,2,2,0,1,2,0,Good,Abrar,,,,,,,
4/25/2022 15:21:02,4/25/2022,Morning shift,Mrs. MERCY JOLLY,71,7,1,1,0,5,1,1,0,1,0,3,1,4,3,5,7,14,30,8,5,5,3,3,6,1,4,2,2,Good,51546495,,,,,,,
4/26/2022 0:57:04,4/25/2022,Evening shift,Mrs. Abeer Khalofa,69,3,0,1,1,0,0,1,1,0,0,2,3,1,2,5,4,8,5,4,3,2,3,2,2,2,0,0,1,Good,lialyin. DR,,,,,,,
4/26/2022 5:19:16,4/25/2022,Night shift,Anitha Mathew,69,5,1,2,0,0,0,1,1,1,0,0,0,2,1,3,2,5,0,4,3,3,3,2,2,0,1,2,0,Good,Aisha,,,,,,,
4/26/2022 15:19:23,4/24/2022,Morning shift,Mrs. Fatmah taher,71,7,0,4,3,0,0,2,1,1,1,3,1,0,1,2,1,3,28,8,5,4,4,3,2,0,0,0,2,Good,Hadeel ,,,,,,,
4/27/2022 1:53:51,4/26/2022,Evening shift,Mrs. Abeer Khalofa,64,9,0,3,0,0,0,3,1,0,0,1,2,4,2,5,4,3,2,3,3,2,3,2,2,1,1,0,2,Good,MW ,,,,,,,
4/27/2022 5:57:36,4/26/2022,Night shift,Mrs. Doaa Madkhali,74,11,0,2,0,0,0,0,0,0,0,0,0,0,1,0,0,5,0,3,3,4,3,2,2,0,3,2,0,Good,51553438,,,,,,,
4/27/2022 15:36:30,4/24/2022,Morning shift,Mrs. Fatmah taher,72,1,0,2,3,0,0,2,0,0,0,0,5,1,1,1,1,3,28,8,7,5,4,3,2,0,1,0,3,Good,Nabahah,,,,,,,
4/27/2022 22:20:51,4/27/2022,Evening shift,Anitha Mathew,68,5,1,3,0,0,1,4,0,0,0,0,1,2,4,3,3,5,7,2,3,3,2,2,2,0,0,3,0,Good,Amala,,,,,,,
4/28/2022 5:30:01,4/27/2022,Night shift,Mrs. Doaa Madkhali,71,5,0,1,0,0,0,0,0,0,0,0,0,2,0,1,1,6,0,3,3,3,2,2,2,0,1,3,0,Good,51553441,,,,,,,
4/28/2022 15:34:06,4/28/2022,Morning shift,Mrs. MERCY JOLLY,77,7,0,2,0,8,0,1,0,0,0,1,1,1,2,5,6,10,27,8,6,3,3,2,6,1,5,3,3,Good,7349818,,,,,,,
4/28/2022 22:35:41,4/28/2022,Evening shift,Anitha Mathew,71,5,0,2,0,0,0,0,0,0,0,0,0,1,2,2,2,10,5,3,3,4,3,2,2,0,0,3,0,Good,Abrar,,,,,,,
4/29/2022 6:41:11,4/28/2022,Night shift,Mrs. Doaa Madkhali,68,9,0,1,0,0,1,0,0,0,0,1,2,3,1,1,0,12,0,3,3,3,3,2,2,0,2,4,0,Good,51541567,,,,,,,
4/29/2022 15:46:02,4/29/2022,Morning shift,Mrs. MERCY JOLLY,73,6,2,1,0,8,0,1,0,0,0,0,0,4,4,8,15,18,0,3,3,5,3,3,2,0,2,5,3,Good,7349818,,,,,,,
4/29/2022 21:51:38,4/29/2022,Evening shift,Anitha Mathew,71,6,0,0,0,0,0,0,0,0,0,0,0,0,3,3,3,9,0,3,3,4,3,2,2,0,0,5,0,Good,Dareen,,,,,,,
4/30/2022 6:17:35,4/29/2022,Night shift,Mrs. Abeer Khalofa,72,4,1,1,0,0,0,0,1,1,0,0,1,0,2,2,1,7,0,3,3,3,3,2,2,1,0,0,0,Good,Ebtisam    FW,,,,,,,
4/30/2022 14:55:35,4/30/2022,Morning shift,Mrs. Fatmah taher,75,5,1,2,7,0,0,1,0,0,0,2,2,2,3,0,1,7,0,3,3,4,3,2,2,0,1,0,3,Good,Jamila harthi,,,,,,,
4/30/2022 23:35:15,4/30/2022,Evening shift,Mrs. MERCY JOLLY,67,3,0,3,0,1,3,1,0,0,0,1,0,4,5,10,20,10,9,3,2,3,3,2,2,1,2,4,3,Good,7346943,,,,,,,
5/1/2022 7:02:31,4/30/2022,Night shift,Mrs Reeta VALDEVIL,68,5,1,5,0,2,0,0,0,0,0,0,0,3,5,2,2,8,0,3,2,3,3,2,2,0,8,4,0,Good,Aisha Tohary,,,,,,,
5/1/2022 14:05:43,5/1/0022,Morning shift,Anitha Mathew,70,3,0,3,0,3,1,4,0,0,0,0,0,1,3,3,4,6,14,8,5,5,3,4,6,0,0,4,0,Good,Mariyam,,,,,,,
5/1/2022 23:32:27,5/1/2022,Evening shift,Mrs. MERCY JOLLY,55,3,0,3,0,2,0,3,0,0,0,1,0,1,6,15,30,2,10,3,3,4,3,3,2,1,3,2,2,Good,7348441,,,,,,,
5/2/2022 6:43:09,5/1/2022,Night shift,Mrs Reeta VALDEVIL,54,5,1,2,0,0,0,0,0,1,0,0,0,3,2,1,2,4,0,3,3,3,3,2,2,0,3,3,1,Good,Tahany,,,,,,,
5/2/2022 14:02:44,5/2/2022,Morning shift,Anitha Mathew,55,5,1,1,0,1,0,4,1,1,0,0,1,2,1,3,2,4,14,7,4,4,3,3,7,0,0,3,0,Good,Antonia,,,,,,,
5/2/2022 23:35:24,5/2/2022,Evening shift,Mrs. MERCY JOLLY,54,5,1,5,0,0,0,4,1,0,0,0,1,1,10,20,35,1,6,3,4,2,3,2,2,1,0,4,2,Good,7348333,,,,,,,
5/3/2022 6:44:42,5/2/2022,Night shift,Mrs Reeta VALDEVIL,58,6,3,4,0,0,0,0,0,0,0,0,0,1,2,1,2,6,0,3,4,4,3,2,2,1,3,4,1,Poor,Hadiyah,,,,,,,
5/3/2022 15:05:04,5/3/2022,Morning shift,Mrs. Doaa Madkhali,61,7,1,0,0,3,1,4,0,0,1,0,0,1,0,1,1,5,14,8,7,4,3,3,6,0,0,4,1,Excellent,51554114,,,,,,,
5/3/2022 22:42:43,5/3/2022,Evening shift,Anitha Mathew,61,12,0,2,0,0,1,3,0,0,0,1,0,4,2,4,3,10,7,3,4,3,3,2,2,0,0,1,1,Good,Nimmi,,,,,,,
5/4/2022 5:32:45,5/3/2022,Night shift,Mrs. Fatmah taher,62,2,1,1,0,0,0,0,1,1,0,0,0,4,2,0,0,11,2,3,4,3,3,2,2,0,1,0,1,Good,Fiep ER,,,,,,,
5/4/2022 14:00:52,5/4/2022,Morning shift,Mrs. Doaa Madkhali,65,5,0,1,0,6,0,0,0,0,0,2,0,6,1,0,0,5,8,8,4,2,2,3,6,0,2,3,0,Good,7318403,,,,,,,
5/4/2022 23:11:44,5/4/2022,Evening shift,Mrs Reeta VALDEVIL,63,5,3,5,0,1,0,1,0,0,0,0,1,1,1,2,1,1,6,3,3,3,3,2,2,0,4,3,0,Good,Anuja,,,,,,,
5/5/2022 6:14:18,5/4/2022,Night shift,Mrs. Fatmah taher,66,10,0,3,8,0,0,0,1,1,0,0,0,2,3,1,2,8,0,3,3,3,3,3,2,0,0,0,3,Good,Aunja ,,,,,,,
5/5/2022 6:16:53,5/4/2022,Night shift,Mrs. Fatmah taher,66,10,0,3,8,0,0,0,1,1,0,0,0,2,3,1,2,8,0,3,3,3,3,2,2,0,0,0,3,Good,Aunja ER,,,,,,,
5/5/2022 15:33:00,5/5/2022,Morning shift,Mrs. MERCY JOLLY,71,5,0,5,0,10,2,0,0,0,0,1,2,1,6,25,40,18,28,8,4,4,3,3,6,1,2,4,3,Good,7348307,,,,,,,
5/5/2022 23:00:34,5/5/2022,Evening shift,Mrs Reeta VALDEVIL,69,10,2,2,0,1,0,0,1,1,0,0,0,2,0,1,1,5,6,3,3,3,3,2,2,1,7,5,0,Fair,Animol,,,,,,,
5/6/2022 5:20:17,5/5/2022,Night shift,Anitha Mathew,70,4,0,1,0,0,0,0,0,0,0,1,0,2,3,5,4,6,0l,3,3,3,3,2,2,0,0,6,0,Good,MUGIBA,,,,,,,
5/6/2022 15:52:08,5/6/2022,Morning shift,Mrs. MERCY JOLLY,69,4,0,1,0,4,0,2,0,0,1,0,0,1,7,25,35,5,0,3,2,3,3,2,2,0,3,6,2,Good,"Animol chacko, msw ",,,,,,,
5/6/2022 22:54:53,5/6/2022,Evening shift,Mrs Reeta VALDEVIL,68,4,2,3,0,1,0,0,0,0,0,0,0,0,3,1,3,6,0,3,3,3,3,2,2,0,8,7,1,Good,Animol,,,,,,,
5/7/2022 6:19:14,5/6/2022,Night shift,Anitha Mathew,70,7,1,1,0,0,0,0,0,0,0,1,0,2,3,3,2,10,0l,3,3,3,3,2,2,0,0,7,0,Good,Thahani,,,,,,,
5/7/2022 15:31:39,5/7/2022,Morning shift,Mrs. MERCY JOLLY,73,6,1,4,0,4,0,3,0,0,0,0,0,3,8,10,30,17,33,3,3,3,3,2,6,1,3,6,2,Fair,73039,,,,,,,
5/7/2022 22:20:36,5/7/2022,Evening shift,Mrs. Doaa Madkhali,75,7,2,2,0,0,0,4,0,0,0,0,0,1,2,0,0,8,0,3,4,4,3,2,2,0,1,4,0,Excellent,51552581,,,,,,,
5/8/2022 6:32:36,5/7/2022,Night shift,Anitha Mathew,73,4,0,1,0,0,0,0,0,1,0,1,0,2,1,4,3,6,0l,3,4,3,3,2,2,0,0,5,1,Good,Leema,,,,,,,
5/8/2022 15:00:08,5/8/2022,Morning shift,Mrs Reeta VALDEVIL,79,9,1,4,0,3,0,0,0,1,0,0,1,1,2,1,2,8,12,8,7,5,5,4,7,0,8,9,3,Good,Hanoof,,,,,,,
5/8/2022 22:36:57,5/8/2022,Evening shift,Mrs. Doaa Madkhali,78,7,2,1,0,0,1,1,2,2,0,1,1,2,1,0,0,8,0,3,4,4,2,2,2,0,0,5,1,Good,51553441,,,,,,,
5/9/2022 6:42:41,8/5/2022,Night shift,Anitha Mathew,80,4,2,0,0,0,0,0,0,0,0,0,0,1,2,2,3,6,0,3,4,3,3,3,2,0,0,5,0,Good,Omaima,,,,,,,
5/9/2022 14:55:38,5/9/2022,Morning shift,Mrs Reeta VALDEVIL,78,10,2,3,0,4,0,0,0,0,0,1,3,4,2,1,0,11,14,8,9,7,5,4,7,0,6,4,1,Good,Hend,,,,,,,
5/9/2022 22:37:30,5/9/2022,Evening shift,Mrs. Doaa Madkhali,67,6,1,0,0,0,1,2,0,0,0,1,0,2,0,0,0,9,0,4,5,4,3,3,2,0,3,2,1,Excellent,51554389,,,,,,,
5/10/2022 7:34:41,5/9/2022,Night shift,Mrs. MERCY JOLLY,73,7,1,3,0,0,0,0,0,0,0,0,0,1,6,20,30,16,0,4,5,3,3,3,2,1,5,2,1,Good,51503747,,,,,,,
5/10/2022 15:01:31,5/10/2022,Morning shift,Mrs. Fatmah taher,77,4,0,4,9,0,0,0,0,0,0,2,6,4,4,0,0,9,28,8,9,6,5,5,2,0,0,0,1,Good,Shahad ,,,,,,,
5/10/2022 22:55:34,10/5/2022,Evening shift,Anitha Mathew,73,6,0,2,1,0,1,1,1,1,0,1,0,2,3,6,5,8,7,4,3,3,3,3,2,0,0,2,0,Good,NOORA,,,,,,,
5/11/2022 7:29:56,5/10/2022,Night shift,Mrs. MERCY JOLLY,78,6,0,0,0,0,0,0,1,3,0,0,0,1,5,15,25,13,0,4,3,3,3,2,2,0,3,2,1,Good,"Animol chacko, Male ward ",,,,,,,
5/11/2022 14:10:18,5/11/2022,Morning shift,Mrs. Doaa Madkhali,78,9,0,0,0,7,0,0,0,0,0,1,8,4,3,0,0,11,16,8,7,5,4,4,7,0,1,2,1,Good,7332370,,,,,,,
5/11/2022 22:36:29,5/11/2022,Evening shift,Anitha Mathew,38,9,0,2,2,0,2,1,0,0,0,2,0,2,4,3,3,9,6,4,3,3,3,2,2,0,1,1,1,Good,ANimol,,,,,,,
5/12/2022 8:21:24,5/11/2022,Night shift,Mrs. MERCY JOLLY,76,4,0,0,1,0,1,0,0,3,0,1,0,2,4,12,15,15,0,4,3,4,3,2,2,0,1,1,1,Good,Mohra DR ,,,,,,,
5/12/2022 15:59:56,5/12/2022,Morning shift,Mrs. Doaa Madkhali,77,3,1,0,2,9,0,1,0,0,0,2,8,1,0,0,0,10,14,7,6,4,3,4,6,0,0,1,1,Excellent,7346943,,,,,,,
5/12/2022 21:47:12,5/12/2022,Evening shift,Anitha Mathew,62,5,1,2,1,0,1,0,2,2,0,2,0,2,3,4,5,8,6,4,3,4,3,2,2,2,0,1,1,Good,Aisha Thohari,,,,,,,
5/13/2022 6:51:05,4/12/2022,Night shift,Mrs. Fatmah taher,68,7,1,2,4,0,0,0,1,1,0,0,0,1,1,1,0,9,0,4,3,3,3,2,2,1,1,0,2,Good,Jamelah tawheri ,,,,,,,
5/13/2022 14:36:49,5/13/2022,Morning shift,Mrs. Doaa Madkhali,70,9,0,1,2,8,0,1,1,1,0,2,0,3,0,1,0,0,0,4,4,3,3,3,2,0,1,1,2,Excellent,51524378,,,,,,,
5/13/2022 23:22:44,5/13/2022,Evening shift,Mrs. MERCY JOLLY,66,4,0,2,3,2,0,1,0,0,0,1,0,1,4,10,20,10,0,4,4,3,3,3,2,0,2,1,2,Good,"Sreekkutty, ER ",,,,,,,
5/14/2022 7:17:18,5/13/2022,Night shift,Mrs. Fatmah taher,69,4,1,3,2,0,0,0,0,0,1,0,0,2,2,0,0,10,2,4,4,3,3,3,2,0,0,0,3,Good,Aisha Fw,,,,,,,
5/14/2022 15:23:50,5/14/2022,Morning shift,Anitha Mathew,71,6,1,2,1,2,1,0,0,0,0,1,0,3,3,3,3,8,7,4,4,4,3,3,2,0,0,1,0,Good,Noora,,,,,,,
5/14/2022 23:32:13,5/14/2022,Evening shift,Mrs. MERCY JOLLY,71,6,2,3,1,3,0,1,1,1,1,1,0,0,10,15,25,7,9,4,4,4,3,2,2,0,3,2,2,Good,"Renju, ER ",,,,,,,
5/15/2022 6:56:23,5/14/2022,Night shift,Mrs. Fatmah taher,69,3,1,7,4,0,0,0,1,0,0,0,0,0,0,2,3,7,0,4,4,3,3,3,0,0,2,0,2,Good,Seerkutta ER ,,,,,,,
5/15/2022 14:53:07,5/15/2022,Morning shift,Mrs Reeta VALDEVIL,75,11,1,6,9,6,1,0,1,3,0,1,0,2,1,2,3,9,16,5,5,6,4,4,7,0,1,0,1,Good,Mariam kirir ,,,,,,,
5/15/2022 21:36:10,5/15/2022,Evening shift,Anitha Mathew,76,12,1,2,1,0,1,0,0,0,0,1,0,2,3,3,4,5,7,4,4,4,3,2,2,0,1,2,1,Good,Noora,,,,,,,
5/16/2022 6:27:49,5/15/2022,Night shift,Mrs. Doaa Madkhali,85,13,1,1,0,0,0,0,0,0,0,0,0,3,1,0,0,6,0,4,4,4,3,2,2,0,1,2,1,Good,51563879,,,,,,,
5/16/2022 15:14:33,5/16/2022,Morning shift,Mrs Reeta VALDEVIL,85,2,0,1,3,6,0,0,0,1,0,1,2,1,1,0,0,3,17,8,4,6,4,3,7,1,1,0,1,Excellent,Abeer,,,,,,,
5/16/2022 22:23:45,5/16/2022,Evening shift,Anitha Mathew,70,7,1,1,0,0,1,1,1,1,0,1,0,2,3,3,2,6,12,4,4,3,3,2,2,2,0,1,0,Good,Jabra,,,,,,,
5/17/2022 4:58:37,5/16/2022,Night shift,Mrs. Doaa Madkhali,77,7,1,0,0,0,0,0,0,0,0,1,0,1,0,0,0,6,0,5,4,3,3,2,2,0,1,1,0,Excellent,2538720,,,,,,,
5/17/2022 15:08:43,5/17/2022,Morning shift,Mrs Reeta VALDEVIL,73,9,2,2,4,9,0,0,0,1,0,2,3,1,0,1,1,0,16,8,5,6,4,3,7,1,1,0,2,Good,Abdo hadadi,,,,,,,
5/17/2022 23:01:26,5/17/2022,Evening shift,Mrs. Fatmah taher,75,4,0,5,6,0,0,1,1,0,1,1,0,4,2,0,1,6,0,4,4,4,4,3,2,1,0,0,1,Good,Shrain er ,,,,,,,
5/18/2022 5:20:18,5/17/2022,Night shift,Mrs. Doaa Madkhali,75,2,1,1,0,0,0,0,1,1,0,1,0,1,1,0,0,5,0,4,4,3,4,3,2,0,0,1,0,Excellent,51541676,,,,,,,
5/18/2022 15:04:13,5/18/2022,Morning shift,Anitha Mathew,7,17,0,0,0,0,1,0,0,0,0,0,2,2,2,3,4,13,16,8,5,5,3,4,5,0,0,1,1,Good,Aisha Thohari,,,,,,,
5/19/2022 6:25:24,5/18/2022,Night shift,Mrs Reeta VALDEVIL,74,10,0,3,3,0,0,1,0,0,0,0,1,1,2,0,1,0,0,4,4,3,3,3,2,0,1,0,1,Good,Abrar,,,,,,,
5/19/2022 14:58:12,5/19/2022,Morning shift,Anitha Mathew,76,7,0,1,0,4,0,0,0,0,0,2,3,1,3,3,3,7,16,8,6,5,4,5,6,0,2,0,1,Good,Arya,,,,,,,
5/19/2022 23:05:48,5/19/2022,Evening shift,Mrs. Fatmah taher,71,13,1,5,6,0,0,0,0,0,0,1,2,4,2,1,0,10,0,4,4,4,3,2,2,0,0,0,2,Good,Saod Er ,,,,,,,
5/20/2022 6:16:37,5/19/2022,Night shift,Mrs Reeta VALDEVIL,75,11,1,3,5,0,0,0,0,0,0,0,0,2,2,0,0,10,0,4,4,3,3,2,2,0,7,0,2,Good,Saher,,,,,,,
5/20/2022 14:23:55,5/20/2022,Morning shift,Anitha Mathew,75,7,0,2,0,3,1,1,0,0,0,1,1,3,2,3,2,6,0l,3,4,3,3,3,2,0,2,0,1,Good,Jarina,,,,,,,
5/20/2022 22:29:55,5/20/2022,Evening shift,Mrs. Doaa Madkhali,68,9,1,1,0,0,0,0,0,0,0,0,0,1,0,1,1,6,6,4,4,4,3,2,5,0,1,0,1,Good,7318323,,,,,,,
5/21/2022 6:26:38,5/20/2022,Night shift,Mrs Reeta VALDEVIL,71,9,2,0,4,0,0,0,0,0,0,1,1,3,0,1,0,11,0,4,4,3,3,2,2,1,1,0,0,Good,Leema,,,,,,,
5/21/2022 15:01:23,5/21/2022,Morning shift,Mrs. Fatmah taher,70,3,1,2,3,0,0,0,0,1,0,2,2,0,2,0,0,9,2,6,5,4,3,2,2,0,1,0,2,Good,Asma ER,,,,,,,
5/21/2022 22:17:51,5/21/2022,Evening shift,Mrs. Doaa Madkhali,69,4,1,0,1,0,0,0,0,0,0,0,0,1,1,0,0,8,6,5,4,4,3,2,5,0,2,0,1,Excellent,7318417,,,,,,,
5/22/2022 6:57:20,5/21/2022,Night shift,Mrs Reeta VALDEVIL,71,12,2,1,1,1,0,0,0,0,0,2,0,3,0,0,0,8,0,5,4,4,3,3,2,0,5,0,0,Good,Dareen,,,,,,,
5/22/2022 15:07:57,5/22/2022,Morning shift,Mrs. Fatmah taher,71,1,0,0,7,0,0,0,0,0,0,2,4,3,0,0,0,0,26,8,6,5,5,3,2,1,0,0,1,Good,Wafa icu ,,,,,,,
5/22/2022 22:18:59,5/22/2022,Evening shift,Mrs. Doaa Madkhali,68,7,1,0,0,0,0,1,0,0,0,0,0,3,0,0,0,6,0,4,4,4,3,2,2,0,0,0,0,Good,51503747,,,,,,,
5/23/2022 5:04:47,5/22/2022,Night shift,Anitha Mathew,73,10,0,0,0,0,0,0,0,0,0,0,0,4,2,4,3,6,0l,4,4,4,3,3,2,0,1,0,0,Good,Bashair,,,,,,,
5/23/2022 15:17:09,5/23/2022,Morning shift,Mrs. Fatmah taher,71,7,0,2,5,0,5,1,0,0,0,2,4,2,2,0,0,5,27,8,7,7,5,5,2,0,0,0,1,Good,Ebtisam Fmw,,,,,,,
5/23/2022 22:51:59,5/23/2022,Evening shift,Mrs Reeta VALDEVIL,72,10,2,2,1,0,0,0,0,0,0,0,0,3,1,0,1,5,0,4,4,4,3,2,2,1,1,1,0,Excellent,Ebtisam Alfouad,,,,,,,
5/24/2022 4:50:45,5/23/2022,Night shift,Anitha Mathew,76,9,1,1,0,0,0,0,0,0,0,0,0,3,2,3,3,4,0,4,4,4,3,2,2,0,2,1,0,Good,Seham,,,,,,,
5/24/2022 14:39:26,5/24/2022,Morning shift,Mrs. Doaa Madkhali,77,9,7,1,0,10,0,0,0,0,0,0,6,1,2,0,0,6,8,8,7,6,5,4,6,0,1,2,0,Good,7318403,,,,,,,
5/24/2022 23:17:47,5/24/2022,Evening shift,Mrs Reeta VALDEVIL,70,12,2,3,0,0,0,0,1,1,0,1,1,3,2,1,1,6,0,4,4,4,3,2,2,0,2,3,0,Excellent,Anood,,,,,,,
5/25/2022 5:41:49,5/24/2022,Night shift,Anitha Mathew,77,13,1,2,0,0,1,0,0,0,0,1,0,1,2,3,3,11,0,4,4,4,3,2,2,0,1,3,0,Good,Anuja,,,,,,,
5/25/2022 14:50:12,5/25/2022,Morning shift,Mrs. Doaa Madkhali,85,10,0,0,0,8,0,0,1,1,0,2,6,2,1,0,0,5,0,8,6,6,4,4,6,0,0,4,0,Good,7349793,,,,,,,
5/26/2022 5:59:48,5/25/2022,Night shift,Mrs. Fatmah taher,81,11,1,5,6,0,1,0,0,0,0,0,0,0,2,1,2,4,0,4,4,4,3,2,2,0,1,0,0,Good,Sabain MMW,,,,,,,
5/26/2022 14:13:56,5/26/2022,Morning shift,Mrs. Doaa Madkhali,85,11,0,1,0,10,1,0,0,0,0,3,4,0,1,0,0,5,4,3,7,6,4,4,6,0,1,3,0,Excellent,7318323,,,,,,,
5/26/2022 21:56:56,5/26/2022,Evening shift,Anitha Mathew,Female Ward-42  Male ward-39,12,0,1,0,0,1,0,0,0,0,1,1,3,2,3,4,9,7,4,4,3,3,2,2,1,1,2,0,Good,Hadeel,,,,,,,
5/27/2022 5:14:04,5/26/2022,Night shift,Mrs. Fatmah taher,80,7,1,4,4,0,0,0,0,0,0,0,0,2,2,2,0,11,0,4,4,3,3,3,2,0,0,2,0,Excellent,Fatima ER,,,,,,,
5/27/2022 14:51:30,5/27/2022,Morning shift,Mrs Reeta VALDEVIL,86,13,0,3,2,1,0,0,0,0,0,0,1,5,2,0,0,10,0,6,5,3,3,2,2,0,7,4,0,Excellent,Noora.A,,,,,,,
5/28/2022 5:20:01,5/27/2022,Night shift,Mrs. Fatmah taher,85,7,1,2,0,0,6,0,0,0,0,1,0,3,2,0,0,10,0,4,4,4,3,3,2,1,0,0,0,Good,Asma ER ,,,,,,,
5/28/2022 14:53:56,5/28/2022,Morning shift,Mrs Reeta VALDEVIL,85,9,0,2,2,5,1,2,0,0,1,0,0,1,2,0,0,7,10,7,4,3,3,3,6,0,6,4,0,Good,Anood,,,,,,,
5/28/2022 23:30:21,5/28/2022,Evening shift,Anitha Mathew,FEMALE WARD-43  MALE WARD-36,9,1,1,0,0,0,2,1,1,0,1,0,3,2,3,4,6,7,4,4,4,2,2,2,0,1,5,1,Good,Warda,,,,,,,
5/29/2022 5:20:29,5/28/2022,Night shift,Mrs. Doaa Madkhali,60,5,1,0,0,0,0,0,1,1,0,0,0,2,o,0,0,9,0,4,4,4,2,3,2,0,2,5,0,Excellent,2538720,,,,,,,
5/29/2022 15:00:45,5/29/2022,Morning shift,Mrs Reeta VALDEVIL,80,4,1,1,0,1,0,0,0,0,0,1,0,1,3,Nil,Nil,4,28,8,5,4,5,5,7,1,8,5,0,Good,Reham,,,,,,,
5/29/2022 22:51:32,5/29/2022,Evening shift,Mrs. Fatmah taher,75,9,0,2,5,0,0,0,1,1,0,0,0,3,o,0,1,5,0,4,4,3,3,3,2,0,2,0,0,Good,Abrar hadi ER ,,,,,,,
5/30/2022 15:48:37,5/30/2022,Morning shift,Anitha Mathew,Male ward-40  Female ward-38  Total -78,5,1,0,0,3,0,0,1,1,0,3,2,3,1,4,3,7,12,7,4,5,3,4,7,0,0,2,0,Good,Aisha athohari,,,,,,,
5/30/2022 23:04:02,5/30/2022,Evening shift,Mrs. Fatmah taher,74,9,0,2,10,10,0,0,2,2,0,0,0,2,o,0,1,10,0,4,5,3,3,2,2,0,0,0,0,Fair,Walaa ,,,,,,,
5/31/2022 7:17:21,5/30/2022,Night shift,Mrs. Doaa Madkhali,76,9,2,4,0,0,0,0,0,0,0,0,0,3,2,1,1,10,0,4,5,4,3,2,2,0,0,2,1,Good,515544389,,,,,,,
5/31/2022 15:28:26,5/31/2022,Morning shift,Anitha Mathew,Male ward-38  Female 39  Total-77,7,3,1,0,3,0,0,0,0,0,1,2,4,3,5,5,5,14,8,6,4,5,4,7,0,1,2,0,Good,Naja,,,,,,,
5/31/2022 23:15:22,5/31/2022,Evening shift,Mrs. Fatmah taher,67,7,1,1,5,0,0,0,0,1,0,1,0,2,1,0,0,8,0,4,4,3,3,3,2,1,1,1,1,Good,Nimmy ER ,,,,,,,
6/1/2022 6:49:02,5/31/2022,Night shift,Mrs Reeta VALDEVIL,73,7,4,1,0,0,1,0,0,0,1,0,0,1,3,0,0,8,0,4,4,4,3,2,2,0,5,3,0,Good,Dareen,,,,,,,
6/1/2022 13:45:44,6/1/2022,Morning shift,Anitha Mathew,"Male ward-18, Female ward-20",7,1,0,0,2,0,1,0,0,0,0,3,3,2,3,3,5,14,6,5,5,4,5,6,1,1,2,1,Good,Hanoof,,,,,,,
6/1/2022 22:22:06,6/1/2022,Evening shift,Mrs. Doaa Madkhali,69,9,1,1,0,0,0,0,1,1,0,0,1,3,1,0,0,3,6,4,4,4,3,2,3,0,1,2,1,Excellent,51524378,,,,,,,
6/2/2022 6:31:43,6/1/2022,Night shift,Mrs Reeta VALDEVIL,72,10,1,2,0,0,1,0,0,0,0,2,0,4,1,1,Nil,4,0,4,4,4,3,2,2,0,4,3,1,Good,Jabra,,,,,,,
6/2/2022 15:11:01,6/2/2022,Morning shift,Mrs. Fatmah taher,70,9,0,4,6,9,1,2,1,1,0,3,5,2,2,0,0,6,28,8,6,5,5,5,2,0,1,0,1,Good,Aryomol Dr,,,,,,,
6/2/2022 21:51:12,6/2/2022,Evening shift,Mrs. Doaa Madkhali,64,9,2,0,0,0,0,0,0,0,0,0,1,1,2,0,0,6,0,4,4,4,3,2,2,0,1,1,0,Good,73039,,,,,,,
6/3/2022 6:44:25,6/2/2022,Night shift,Mrs Reeta VALDEVIL,68,10,0,0,4,0,0,0,2,2,0,0,0,2,o,0,1,9,0,4,4,4,3,2,2,0,7,2,0,Good,Warda,,,,,,,
6/3/2022 14:41:05,6/3/2022,Morning shift,Mrs. Fatmah taher,70,7,1,1,6,0,3,2,1,1,0,0,0,4,o,1,0,12,0,4,5,3,3,3,2,0,0,0,0,Good,Botool FSW,,,,,,,
6/3/2022 22:51:46,6/3/2022,Evening shift,Mrs. Doaa Madkhali,63,12,0,0,0,0,1,0,0,0,0,0,0,6,o,0,0,10,6,4,4,3,3,2,2,0,1,2,0,Excellent,51573728,,,,,,,
6/4/2022 5:21:38,6/3/2022,Night shift,Anitha Mathew,Male  ward-36 Female ward-33   Total patient-69,6,1,0,0,0,1,0,0,0,0,0,0,0,1,3,2,7,0,4,4,3,3,2,2,0,1,2,0,Good,Warda,,,,,,,
6/4/2022 14:42:57,6/4/2022,Morning shift,Mrs. Fatmah taher,70,9,0,2,6,0,4,2,0,0,0,0,1,2,1,0,0,9,1,5,5,4,3,2,2,0,0,0,0,Good,Botool fsw ,,,,,,,
6/4/2022 22:43:22,6/4/2022,Evening shift,Mrs Reeta VALDEVIL,75,9,0,1,1,1,0,0,0,0,0,1,0,3,o,0,0,8,15,5,4,4,3,2,2,0,8,3,1,Excellent,Ebtisam Alfouad,,,,,,,
6/5/2022 4:51:08,6/4/2022,Night shift,Anitha Mathew,"Male ward-37,  Female ward-40  Total-77",4,0,1,0,0,1,0,0,0,0,0,0,0,3,2,1,7,1,4,4,3,3,2,2,1,1,3,1,Good,Hadiya,,,,,,,
6/5/2022 14:50:18,6/5/2022,Morning shift,Mrs. Doaa Madkhali,75,4,0,5,0,9,0,1,1,1,0,0,6,3,3,1,0,6,8,8,6,5,4,5,5,0,0,1,1,Good,51571318,,,,,,,
6/5/2022 22:50:09,6/5/2022,Evening shift,Mrs Reeta VALDEVIL,65,15,0,3,0,0,2,0,0,0,0,1,0,0,o,0,0,8,16,5,4,4,3,3,2,0,6,1,0,Good,Laline,,,,,,,
6/6/2022 6:12:29,6/5/2022,Night shift,Anitha Mathew,Male ward-32 Female ward-35,6,0,0,0,0,0,0,2,2,0,0,0,1,1,2,2,11,0,4,4,3,3,3,2,0,2,0,0,Good,Shada,,,,,,,
6/6/2022 15:26:54,6/6/2022,Morning shift,Mrs. Abeer Khalofa,64,6,1,1,6,8,0,0,0,0,0,4,6,0,2,5,6,8,27,8,6,3,4,3,7,2,1,1,0,Good,Jamilah ER,,,,,,,
6/6/2022 22:44:33,6/6/2022,Evening shift,Mrs Reeta VALDEVIL,62,11,3,3,0,0,1,0,0,0,0,1,0,6,2,1,0,10,16,4,4,4,3,3,2,0,2,1,0,Good,Warda,,,,,,,
6/7/2022 4:44:38,6/6/2022,Morning shift,Mrs. Fatmah taher,65,5,0,1,5,0,5,0,0,0,0,0,0,2,2,0,0,12,0,4,4,3,3,3,2,0,2,1,0,Good,Abrar ER,,,,,,,
6/7/2022 15:29:40,6/7/2022,Morning shift,Mrs. Abeer Khalofa,57,9,0,3,1,10,0,0,0,0,0,2,10,1,2,4,2,7,27,7,6,5,4,4,7,0,1,0,0,Good,Amunia DR,,,,,,,
6/7/2022 22:00:43,6/7/2022,Evening shift,Anitha Mathew,Male ward -31  Female.ward-33-  64,9,1,1,0,0,0,1,0,0,0,0,0,2,3,3,4,5,8,4,4,3,3,2,2,0,1,4,0,Good,Dareen,,,,,,,
6/8/2022 4:50:31,6/7/2022,Night shift,Mrs. Fatmah taher,67,0,0,2,6,0,2,0,0,0,0,1,0,2,2,0,0,8,0,4,4,4,3,3,2,0,1,0,0,Good,Hadeel ER,,,,,,,
6/8/2022 15:19:36,6/8/2022,Morning shift,Mrs Reeta VALDEVIL,73,18,0,1,0,6,1,0,0,0,0,1,1,0,o,1,1,8,24,8,6,5,4,4,7,0,8,4,0,Good,Sameera,,,,,,,
6/8/2022 23:33:44,6/8/2022,Evening shift,Anitha Mathew,Male Ward-37  Female ward-31,7,1,1,0,0,0,1,0,0,0,1,2,1,3,5,4,6,7,4,4,4,3,2,2,0,0,4,1,Good,Warda,,,,,,,
6/9/2022 5:08:06,6/8/2022,Night shift,Mrs. Fatmah taher,71,7,0,0,5,0,3,0,0,0,0,0,2,2,o,1,0,0,0,4,4,4,3,2,2,0,1,0,1,Good,Ahmed madkhali mmw,,,,,,,
6/9/2022 15:39:20,6/9/2022,Morning shift,Mrs Reeta VALDEVIL,70,11,1,1,2,7,0,0,0,0,0,3,10,1,1,1,3,6,24,8,4,5,4,5,7,0,2,4,1,Good,Catherine,,,,,,,
6/9/2022 22:04:40,6/9/2022,Evening shift,Anitha Mathew,Male-37   Female-36,10,0,0,0,0,0,1,0,0,0,1,0,0,2,3,4,6,7,5,4,3,3,2,2,0,0,3,1,Good,Elizabeth,,,,,,,
6/10/2022 7:43:43,6/9/2022,Night shift,Mrs. Abeer Khalofa,70,10,1,1,10,0,1,0,2,1,0,2,0,4,1,3,1,10,0,5,4,4,3,3,2,0,1,0,1,Good,Abdo MW,,,,,,,
6/10/2022 14:55:20,6/10/2022,Morning shift,Mrs Reeta VALDEVIL,76,9,0,2,0,5,2,0,0,0,0,1,0,3,2,Nil,Nil,8,Nil,6,4,3,3,3,2,0,8,3,1,Good,Ohoud,,,,,,,
6/10/2022 22:32:54,6/10/2022,Evening shift,Mrs. Fatmah taher,67,4,0,0,4,0,6,0,0,0,0,0,0,2,o,0,0,4,0,4,4,3,3,2,2,0,0,1,1,Good,Abdu hadadi MMw,,,,,,,
6/11/2022 7:44:42,6/11/2022,Night shift,Mrs. Abeer Khalofa,71,9,0,0,1,0,0,0,0,0,0,1,0,0,2,2,0,5,0,5,4,4,3,2,2,1,2,0,1,Good,Shahad ,,,,,,,
6/11/2022 14:24:23,6/11/2022,Morning shift,Anitha Mathew,Male ward-39   Female ward-36,6,2,0,0,2,0,0,0,0,0,2,0,1,1,3,2,6,9,4,4,3,3,3,4,0,1,4,1,Good,Hadiya,,,,,,,
6/11/2022 22:10:03,6/11/2022,Evening shift,Mrs. Fatmah taher,68,6,0,2,3,0,1,0,1,1,0,0,0,1,1,0,0,8,10,4,4,3,3,2,2,0,0,1,1,Good,Aisha tawheri fmw ,,,,,,,
6/12/2022 7:25:08,6/11/2022,Night shift,Mrs. Abeer Khalofa,73,9,0,0,0,0,0,0,0,0,0,0,1,1,1,2,3,7,0,4,4,4,3,3,2,0,2,0,0,Good,Majabah DR,,,,,,,
6/12/2022 14:39:31,6/12/2022,Morning shift,Anitha Mathew,"Male -38, Female-36  Total-74",7,0,1,0,2,1,0,0,0,0,0,2,1,2,3,3,9,12,6,5,5,4,4,6,0,1,4,0,Good,Hanoof,,,,,,,
6/12/2022 22:26:55,6/12/2022,Evening shift,Mrs. Fatmah taher,70,5,1,2,5,0,5,0,0,0,0,1,4,2,2,0,0,0,0,4,4,3,3,2,2,1,1,0,1,Good,Asma ER,,,,,,,
6/13/2022 6:35:04,6/12/2022,Night shift,Mrs Reeta VALDEVIL,75,7,1,2,1,0,0,0,0,0,0,1,0,0,o,0,1,11,0,5,4,4,3,2,2,1,2,3,0,Good,Fatma.M,,,,,,,
6/13/2022 13:52:10,6/13/2022,Morning shift,Anitha Mathew,Male ward-39  Female-42 Total-81,9,0,1,0,4,0,0,1,1,0,2,3,2,2,4,2,8,12,6,4,3,3,3,7,0,1,4,0,Good,Hanoof,,,,,,,
6/14/2022 0:22:59,6/13/2022,Evening shift,Mrs. Abeer Khalofa,76,18,1,2,0,0,0,0,0,0,1,1,5,5,1,2,1,7,4,4,4,4,3,3,2,0,1,0,0,Fair,amiamuh.  PW,,,,,,,
6/14/2022 6:41:16,6/13/2022,Night shift,Mrs Reeta VALDEVIL,79,7,1,3,0,0,0,0,0,0,0,0,1,2,3,1,Nil,4,Nil,4,4,3,3,2,2,0,3,5,0,Good,Nimmy,,,,,,,
6/14/2022 14:33:34,6/14/2022,Morning shift,Mrs. Fatmah taher,76,2,0,2,0,0,4,1,0,0,3,1,2,2,2,0,0,0,26,7,4,4,3,3,2,0,0,0,0,Good,Ashawq DR,,,,,,,
6/15/2022 0:54:07,6/14/2022,Evening shift,Mrs. Abeer Khalofa,42,10,1,2,5,0,0,0,3,0,0,0,0,4,1,5,7,5,5,4,4,3,3,2,2,1,1,0,1,Good,Aisha ER,,,,,,,
6/15/2022 7:18:16,6/14/2022,Night shift,Mrs Reeta VALDEVIL,77,11,2,3,1,0,0,0,0,0,1,0,1,2,2,0,1,7,0,4,4,3,3,2,2,0,0,7,0,Good,Fatma Hudan,,,,,,,
6/15/2022 14:49:31,6/15/2022,Morning shift,Mrs. Fatmah taher,72,5,0,2,5,0,5,2,0,0,0,2,6,2,1,0,0,8,27,8,7,5,5,4,2,0,0,0,1,Good,Emad msw ,,,,,,,
6/15/2022 23:55:01,6/15/2022,Evening shift,Mrs. Abeer Khalofa,73,6,1,0,1,1,0,0,0,0,0,1,0,2,1,2,3,9,7,4,4,4,3,3,2,0,2,1,0,Good,Aisha FW,,,,,,,
6/16/2022 5:14:25,6/15/2022,Night shift,Anitha Mathew,Male ward-33   Female ward-45  Total 78,9,0,1,0,0,2,0,0,0,0,2,1,2,o,3,2,11,0,5,4,3,3,2,2,0,0,6,0,Good,Fathima,,,,,,,
6/16/2022 14:34:10,6/16/2022,Morning shift,Mrs. Fatmah taher,75,3,0,2,6,0,6,1,0,0,0,1,4,4,2,1,1,0,26,8,6,4,4,4,2,0,0,0,2,Good,Sameerah ER,,,,,,,
6/16/2022 23:27:29,6/16/2022,Evening shift,Mrs Reeta VALDEVIL,72,11,0,1,4,0,0,0,0,1,0,1,2,2,o,Nil,1,11,8,5,4,4,3,2,2,1,2,4,0,Good,Shahed,,,,,,,
6/17/2022 6:03:13,6/16/2022,Night shift,Anitha Mathew,Male ward-31 Femaleward-44,11,1,0,0,0,0,0,1,1,0,0,0,3,2,3,2,12,0,4,4,4,3,3,2,0,0,4,1,Good,Dareen,,,,,,,
6/17/2022 15:34:27,6/17/2022,Morning shift,Mrs. Abeer Khalofa,74,1,0,2,0,4,3,0,0,0,0,1,0,3,2,1,2,12,0,4,4,4,3,3,2,0,1,0,1,Good,Jumah FMW ,,,,,,,
6/17/2022 23:01:03,6/17/2022,Evening shift,Mrs Reeta VALDEVIL,68,4,0,3,0,0,0,0,0,0,0,0,0,2,1,0,2,6,0,5,4,3,3,2,2,0,2,4,1,Good,Elizabeth,,,,,,,
6/18/2022 7:09:57,6/17/2022,Night shift,Anitha Mathew,Male ward-31 F ward-42 Total 73,13,2,1,0,0,0,0,0,0,0,1,0,5,3,5,4,8,0,4,4,3,3,3,2,0,0,4,0,Good,Jincy,,,,,,,
6/18/2022 23:13:13,6/18/2022,Evening shift,Mrs Reeta VALDEVIL,73,9,1,1,0,0,1,0,0,0,1,0,0,4,1,0,0,8,12,4,4,4,3,3,2,0,0,0,0,Good,Felipa,,,,,,,
6/19/2022 5:02:31,6/18/2022,Night shift,Mrs. Fatmah taher,76,4,1,1,2,0,2,0,0,0,0,1,0,0,1,0,0,8,0,4,4,3,3,3,2,0,1,0,2,Good,Najah fsw ,,,,,,,
6/19/2022 22:41:18,6/19/2022,Evening shift,Anitha Mathew,Male ward-32  Female  ward-45,18,1,0,1,1,3,0,0,0,0,1,2,4,2,5,3,9,12,4,4,4,3,2,2,0,3,4,0,Good,Goma,,,,,,,
6/20/2022 5:39:54,6/19/2022,Night shift,Mrs. Fatmah taher,81,4,0,2,1,2,1,0,0,0,1,0,0,1,9,0,0,9,0,4,4,3,3,3,2,0,2,1,1,Good,Huda nicu ,,,,,,,
6/21/2022 5:11:08,6/20/2022,Night shift,Mrs. Fatmah taher,86,6,0,0,4,0,2,0,1,1,0,0,2,1,o,0,0,6,0,4,4,3,3,3,2,0,1,0,1,Good,Maha fmw ,,,,,,,
6/22/2022 6:09:08,6/21/2022,Night shift,Mrs. Abeer Khalofa,95,10,0,3,0,0,1,0,0,0,0,1,0,2,1,4,2,8,0,5,5,7,5,3,2,0,6,0,0,Good,Mareem pW,,,,,,,
6/22/2022 15:14:42,6/22/2022,Morning shift,Mrs. Fatmah taher,93,6,1,6,5,0,4,0,0,0,0,1,6,1,2,2,2,8,26,8,6,4,4,4,2,1,0,1,1,Good,Asrar ER,,,,,,,
6/23/2022 7:36:13,6/22/2022,Night shift,Mrs. Abeer Khalofa,87,4,1,1,10,1,1,2,0,0,0,0,0,3,2,3,2,9,0,4,4,4,3,3,2,1,1,0,1,Good,Fatimah ER,,,,,,,
6/23/2022 16:21:33,6/23/2022,Morning shift,Mrs. Fatmah taher,84,3,1,2,3,0,7,1,1,0,0,0,6,0,1,0,0,6,26,6,5,3,5,4,2,1,0,0,2,Good,Walaa ER,,,,,,,
6/24/2022 6:20:39,6/20/2022,Night shift,Mrs Reeta VALDEVIL,79,11,1,2,0,0,1,2,0,0,0,0,0,3,1,1,1,9,0,4,4,4,3,3,2,0,2,6,0,Good,Mujibah,,,,,,,
6/24/2022 19:01:04,6/24/2022,Morning shift,Mrs. Abeer Khalofa,82,4,0,1,10,2,2,0,0,0,0,0,0,3,2,4,2,10,7,4,4,3,3,3,2,1,1,0,0,Excellent,Ahmed MW ,,,,,,,
6/25/2022 7:02:09,6/25/2022,Night shift,Mrs Reeta VALDEVIL,77,4,3,5,0,2,4,0,1,3,1,1,0,1,2,2,0,3,0,4,4,3,3,3,2,1,0,5,1,Good,Aisha,,,,,,,
6/25/2022 22:10:30,6/25/2022,Morning shift,Mrs. Abeer Khalofa,79,18,1,4,8,0,2,0,1,2,1,0,1,3,2,5,8,8,7,4,4,3,3,3,2,1,3,0,4,Fair,Soorya.  MW,,,,,,,
6/25/2022 22:54:47,6/25/2022,Evening shift,Mrs. Fatmah taher,87,4,0,6,5,0,1,0,0,0,0,1,2,2,3,1,0,11,0,4,4,3,3,3,2,0,1,0,3,Good,Leema mmw,,,,,,,
6/26/2022 4:39:27,6/25/2022,Night shift,Mrs. Fatmah taher,90,3,1,7,4,0,4,0,0,0,0,1,0,1,4,0,0,11,0,4,4,4,3,2,2,0,0,0,4,Good,Nimmy ER,,,,,,,
6/26/2022 23:34:38,6/26/2022,Evening shift,Mrs. Fatmah taher,85,7,0,4,2,0,3,0,0,0,0,0,0,2,o,1,0,10,0,4,4,4,3,3,2,0,0,0,5,Good,Amina fsw,,,,,,,
6/27/2022 4:24:31,6/26/2022,Night shift,Mrs. Fatmah taher,88,3,0,6,2,0,0,0,0,0,0,0,0,1,1,1,2,11,0,4,4,4,3,2,2,0,0,0,5,Good,Saher ER,,,,,,,
6/28/2022 7:03:04,6/28/2022,Night shift,Anitha Mathew,MALE WARD-38   FW-50-Total patient-88,4,4,5,0,0,0,0,0,1,0,0,0,1,3,5,4,8,0,4,4,4,4,3,2,0,2,5,4,Good,Fathima,,,,,,,
6/28/2022 21:06:12,6/28/2022,Morning shift,Mrs. Abeer Khalofa,74,6,5,4,2,1,2,1,6,5,0,0,10,2,3,5,5,8,7,5,5,5,4,3,7,1,1,1,6,Good,Norh  FW ,,,,,,,
6/29/2022 5:51:40,6/28/2022,Night shift,Anitha Mathew,Male ward-35 Female ward-50-- Total85,4,0,1,0,0,0,0,2,2,0,1,0,3,3,4,3,8,0,4,4,3,3,2,2,0,1,4,1,Good,Seham,,,,,,,
6/29/2022 15:19:57,6/29/2022,Morning shift,Mrs. Fatmah taher,86,7,0,2,6,0,4,1,1,0,0,3,4,2,o,1,0,10,26,8,6,4,4,5,2,0,1,1,4,Good,Donya fsw ,,,,,,,
6/30/2022 7:03:17,6/29/2022,Night shift,Mrs Reeta VALDEVIL,87,9,2,0,3,1,0,0,0,0,0,2,0,0,o,0,0,9,0,4,4,3,3,3,2,0,2,5,1,Good,Sony,,,,,,,
6/30/2022 14:42:30,6/30/2022,Morning shift,Mrs. Fatmah taher,86,0,0,2,2,0,1,1,0,0,0,0,4,2,o,0,0,8,26,5,6,5,4,5,2,0,0,0,1,Good,Jijimol msw ,,,,,,,
7/1/2022 7:02:59,6/30/2022,Night shift,Mrs Reeta VALDEVIL,89,9,2,2,4,1,0,0,0,0,0,1,0,1,2,0,0,9,0,4,4,3,3,3,2,1,2,5,1,Good,Gomaa,,,,,,,
7/1/2022 19:27:31,7/1/2022,Morning shift,Mrs. Abeer Khalofa,84,5,1,2,9,2,0,0,1,1,0,1,2,4,1,5,6,10,7,4,4,3,3,3,2,1,2,0,0,Good,Aisha Fw,,,,,,,
7/2/2022 21:53:22,7/2/2022,Morning shift,Mrs. Abeer Khalofa,86,5,3,2,1,1,2,0,1,1,1,2,6,2,2,5,5,9,0,4,4,3,3,3,2,0,1,1,0,Poor,Mareem  FW ,,,,,,,
7/2/2022 23:10:42,7/2/2022,Evening shift,Mrs. Fatmah taher,83,5,0,2,1,0,1,1,0,0,0,0,0,0,2,0,0,8,0,4,4,4,2,3,2,1,0,0,3,Good,Mareem nicu ,,,,,,,
7/3/2022 5:09:56,7/2/2022,Night shift,Mrs. Fatmah taher,85,3,0,2,7,0,4,0,1,1,0,0,0,4,1,0,0,11,0,4,4,3,2,3,2,0,1,0,2,Good,Mohammed ER ,,,,,,,
7/4/2022 6:28:01,7/3/2022,Night shift,Anitha Mathew,Male ward-45 Female ward-52,7,1,0,0,0,0,1,0,0,0,0,2,3,2,3,2,10,Nill,4,4,4,3,3,2,0,2,6,2,Good,Fathima,,,,,,,
7/5/2022 5:50:56,7/4/2022,Night shift,Anitha Mathew,M-side- 40 F side-49 Total 89,12,1,1,0,0,0,1,1,1,0,0,0,1,2,1,1,12,0,4,4,3,3,3,2,0,1,5,0,Good,Anuja,,,,,,,
7/5/2022 14:37:16,7/5/2022,Morning shift,Mrs. Fatmah taher,89,5,0,1,7,0,5,0,0,0,0,2,3,4,1,0,0,14,27,4,5,4,4,5,2,1,0,0,3,Good,Solly ER ,,,,,,,
7/6/2022 8:06:22,7/6/2022,Night shift,Mrs. Abeer Khalofa,84,7,3,2,0,0,0,5,0,0,0,1,1,2,o,1,1,5,0,4,5,4,3,2,2,0,1,0,0,Good,Reana.   FW ,,,,,,,
7/6/2022 15:00:46,7/6/2022,Morning shift,Mrs. Fatmah taher,81,2,0,0,7,0,2,1,1,0,0,0,4,2,o,0,0,7,26,4,4,4,3,5,2,1,0,0,3,Good,Afifah fmw!,,,,,,,
7/7/2022 8:07:34,7/6/2022,Night shift,Mrs. Abeer Khalofa,75,6,0,0,0,0,2,1,1,1,0,0,0,2,1,2,0,5,0,4,4,4,3,3,2,2,2,0,0,Good,Maha  FW ,,,,,,,
7/7/2022 14:50:32,7/7/2022,Morning shift,Mrs. Fatmah taher,67,5,0,1,2,0,4,2,0,0,0,3,1,1,3,0,0,2,26,6,6,4,4,4,2,0,2,0,2,Good,Giun ER ,,,,,,,
7/8/2022 7:58:16,7/7/2022,Night shift,Mrs. Abeer Khalofa,73,13,0,1,1,0,2,1,0,0,0,1,1,3,1,2,3,4,0,4,4,3,3,2,2,1,1,0,0,Good,Maha. Fw,,,,,,,
7/8/2022 17:01:36,7/8/2022,Morning shift,Anitha Mathew,MW-33  FW-42 Total -75,10,1,1,0,2,0,2,0,0,0,1,1,4,2,3,3,6,0,4,4,4,2,2,2,0,2,6,1,Good,Fathima,,,,,,,
7/9/2022 16:10:15,7/9/2022,Morning shift,Anitha Mathew,Male-31 F/ side-44,11,2,0,0,2,0,5,0,0,0,1,0,4,2,2,3,6,2,4,4,3,3,2,2,0,3,6,2,Good,Jinu,,,,,,,
7/10/2022 6:47:00,7/9/2022,Night shift,Mrs Reeta VALDEVIL,77,6,2,1,0,1,1,0,1,1,0,1,0,2,1,0,1,7,0,4,4,3,2,2,2,1,0,6,1,Good,Zahra-NICU,,,,,,,
7/11/2022 6:06:10,7/10/2022,Night shift,Mrs Reeta VALDEVIL,71,4,2,2,2,0,0,0,0,0,0,0,1,0,2,0,0,5,0,5,4,4,3,2,2,0,1,7,1,Good,Elizabeth,,,,,,,
7/11/2022 23:04:52,7/11/2022,Evening shift,Mrs. Fatmah taher,65,4,0,1,3,0,5,1,0,0,0,0,4,0,1,0,0,6,25,4,4,3,3,2,2,1,0,0,3,Good,Sujina ER,,,,,,,
7/12/2022 5:53:18,7/11/2022,Night shift,Mrs. Fatmah taher,66,3,0,0,2,0,3,0,0,0,0,0,0,2,1,0,0,6,0,4,4,4,3,2,2,0,1,0,4,Good,Saranya msw ,,,,,,,
7/12/2022 22:31:05,7/12/2022,Evening shift,Mrs. Fatmah taher,59,7,0,1,4,0,4,0,0,0,0,1,2,2,o,0,0,7,0,4,4,4,3,2,2,0,0,0,2,Good,Anitha msw ,,,,,,,
7/13/2022 3:58:28,7/11/2022,Night shift,Mrs. Fatmah taher,60,2,0,0,0,0,2,0,0,0,0,0,0,1,o,0,0,6,0,4,4,4,3,2,2,0,0,0,2,Good,Maaly NICU ,,,,,,,
7/13/2022 12:11:41,7/12/2022,Morning shift,Mrs. Abeer Khalofa,69,4,2,4,1,0,0,2,1,0,0,2,4,2,o,4,1,5,7,4,5,5,4,4,7,1,0,0,2,Good,Aisha.   FW ,,,,,,,
7/13/2022 20:53:55,7/13/2022,Morning shift,Mrs. Abeer Khalofa,59,13,3,1,0,0,0,1,0,0,0,3,5,2,4,3,2,8,25,5,5,4,4,3,7,1,0,0,0,Good,Aisha.  FMW,,,,,,,
7/13/2022 22:34:12,7/13/2022,Evening shift,Mrs. Fatmah taher,57,2,0,1,1,0,5,0,1,1,0,1,2,0,1,0,0,3,0,4,4,4,2,3,2,1,0,0,2,Good,Afifah fmw ,,,,,,,
7/14/2022 3:17:08,7/13/2022,Night shift,Mrs. Fatmah taher,62,4,0,0,3,0,1,0,0,0,0,0,0,1,o,0,0,5,0,4,4,4,3,2,2,0,1,1,2,Good,Jareana Fsw,,,,,,,
7/14/2022 14:56:28,7/14/2022,Morning shift,Anitha Mathew,M/W-25 F/ W-39  TOTAL-64,11,0,1,0,4,0,2,1,1,0,1,2,1,2,3,4,7,14,7,6,4,3,3,6,1,2,3,1,Good,Sameera,,,,,,,
7/14/2022 22:36:17,7/14/2022,Evening shift,Mrs. Fatmah taher,62,2,0,3,7,0,5,0,0,0,0,1,2,4,o,3,0,7,0,4,4,4,3,2,2,0,1,0,1,Good,Saham DR ,,,,,,,
7/15/2022 5:07:52,7/14/2022,Night shift,Mrs. Fatmah taher,68,5,0,4,7,0,5,0,0,0,0,1,0,1,2,1,1,10,0,4,4,4,3,2,2,0,1,1,1,Good,Giun ER ,,,,,,,
7/15/2022 19:46:40,7/15/2022,Morning shift,Mrs. Abeer Khalofa,71,11,0,1,0,0,1,0,0,0,0,1,5,5,1,5,2,10,7,4,4,3,3,3,2,0,2,0,0,Good,Elizabeth. FW,,,,,,,
7/16/2022 6:33:32,7/15/2022,Night shift,Mrs Reeta VALDEVIL,72,6,0,0,0,0,0,1,0,0,0,0,0,4,o,0,1,10,0,4,5,4,3,2,2,0,1,4,1,Good,Fatma.H,,,,,,,
7/16/2022 14:59:10,7/16/2022,Morning shift,Anitha Mathew,M/ Mw-22  MSW-15- 37   FEMALE WARD -42 TOTAL 79,13,1,1,0,4,0,1,0,0,0,1,0,2,2,2,2,7,8,4,4,3,3,3,2,0,2,4,2,Good,Elizabeth,,,,,,,
7/16/2022 23:54:11,7/16/2022,Evening shift,Mrs. Abeer Khalofa,75,5,1,1,0,1,0,1,1,0,0,1,1,0,4,4,3,6,3,4,5,3,3,2,2,1,5,0,0,Good,Lalain. DR,,,,,,,
7/17/2022 6:29:29,7/16/2022,Night shift,Mrs Reeta VALDEVIL,78,12,1,2,0,0,0,0,0,0,0,1,0,2,4,1,2,9,0,4,5,4,3,2,2,1,0,4,1,Good,Mujibah,,,,,,,
7/17/2022 15:13:00,7/17/2022,Morning shift,Anitha Mathew,Male Ward-44 - Femal ward-38,14,4,0,1,4,0,0,0,1,0,1,2,3,1,4,3,12,16,8,6,5,5,5,7,0,4,4,2,Good,AISHA,,,,,,,
7/17/2022 23:46:13,7/17/2022,Evening shift,Mrs. Abeer Khalofa,81,6,3,1,1,1,0,1,0,0,0,1,1,5,o,5,3,12,3,4,5,4,3,3,2,1,0,0,1,Good,Hand. FW,,,,,,,
7/18/2022 5:48:56,7/17/2022,Night shift,Mrs. Doaa Madkhali,66,5,0,1,0,0,1,0,0,0,0,0,0,1,o,0,0,9,0,5,5,4,3,2,2,0,0,4,2,Excellent,51524378,,,,,,,
7/18/2022 14:18:58,7/18/2022,Morning shift,Anitha Mathew,MALE WARD-42   FEMALE WARD-,5,0,3,0,3,2,0,0,0,0,2,2,2,2,2,3,7,12,6,5,4,4,4,5,0,3,3,2,Good,Aisha,,,,,,,
7/18/2022 23:34:56,7/18/2022,Evening shift,Mrs Reeta VALDEVIL,78,7,2,1,0,1,0,2,2,2,0,2,0,0,2,1,1,6,12,5,4,3,3,2,2,0,8,7,1,Good,Mariam.D,,,,,,,
7/19/2022 5:37:09,7/18/2022,Night shift,Mrs. Doaa Madkhali,83,7,1,1,0,0,0,0,0,0,0,1,0,2,1,0,0,6,0,5,4,4,3,2,2,0,1,6,1,Excellent,7346915,,,,,,,
7/19/2022 20:50:10,7/19/2022,Morning shift,Mrs. Abeer Khalofa,84,2,1,1,0,4,0,0,0,0,1,0,5,2,4,5,6,9,15,5,5,5,4,3,7,1,1,0,0,Good,samirih.      FSW,,,,,,,
7/19/2022 23:42:49,7/19/2022,Evening shift,Mrs Reeta VALDEVIL,84,12,2,6,0,0,0,1,2,2,0,0,0,3,4,6,2,10,12,4,4,4,3,2,2,0,1,5,0,Good,Ginu,,,,,,,
7/20/2022 6:00:31,7/19/2022,Night shift,Mrs. Doaa Madkhali,89,10,1,4,0,0,0,0,0,0,0,2,0,0,3,0,0,10,0,4,4,3,3,2,2,0,1,6,0,Good,2538720,,,,,,,
7/20/2022 16:03:04,7/20/2022,Morning shift,Mrs. Abeer Khalofa,90,4,1,5,1,4,1,0,0,3,0,2,6,2,3,5,6,9,25,5,5,3,4,3,7,1,1,0,1,Good,Samerah.    FSW,,,,,,,
7/20/2022 22:50:27,7/20/2022,Evening shift,Mrs Reeta VALDEVIL,86,7,1,2,1,2,0,0,1,1,0,0,0,6,1,0,1,11,12,5,4,4,3,2,2,0,2,6,0,Good,Leema,,,,,,,
7/21/2022 5:53:51,7/20/2022,Night shift,Anitha Mathew,Male  ward-39 Female ward-50,2,0,1,0,0,1,0,0,0,1,0,0,3,2,3,2,7,0,4,4,3,3,2,2,0,2,6,0,Good,Elizabeth,,,,,,,
7/21/2022 15:14:38,7/21/2022,Morning shift,Mrs. Abeer Khalofa,89,4,1,1,0,3,1,1,0,0,0,1,3,2,1,1,1,7,10,6,5,4,4,3,6,1,1,2,0,Good,Jamilah. ER ,,,,,,,
7/21/2022 23:05:55,7/21/2022,Evening shift,Mrs. Doaa Madkhali,81,7,0,0,0,0,0,0,1,1,0,0,0,1,o,0,0,6,6,4,4,3,3,2,2,0,0,7,0,Good,51553441,,,,,,,
7/22/2022 5:16:36,7/21/2022,Night shift,Anitha Mathew,Male Ward-38   Female-43,7,1,1,9,0,0,0,0,0,0,2,1,2,4,4,3,9,0,4,4,3,3,2,2,1,2,6,0,Good,Warda,,,,,,,
7/22/2022 15:23:20,7/22/2022,Morning shift,Mrs Reeta VALDEVIL,86,13,1,1,0,4,0,1,0,0,0,1,1,1,4,0,0,11,0,5,5,3,3,2,2,1,1,6,0,Good,Jency,,,,,,,
7/22/2022 22:07:40,7/22/2022,Evening shift,Mrs. Doaa Madkhali,82,9,1,0,0,0,0,1,1,1,0,1,0,3,1,0,0,12,0,4,4,3,3,2,2,0,0,7,0,Excellent,7348740,,,,,,,
7/23/2022 6:51:06,7/22/2022,Night shift,Anitha Mathew,Male ward-39 Femaleward-48,12,0,0,0,0,0,0,1,1,0,1,0,3,1,2,3,9,0,4,4,3,3,2,2,2,3,6,0,Good,Warda,,,,,,,
7/23/2022 15:27:54,7/23/2022,Morning shift,Mrs Reeta VALDEVIL,79,9,1,4,4,3,0,2,0,0,0,0,0,2,2,1,1,7,18,6,5,3,3,3,7,0,0,6,0,Good,Shagra,,,,,,,
7/23/2022 22:38:27,7/23/2022,Evening shift,Mrs. Doaa Madkhali,90,9,0,1,0,0,0,1,0,0,0,1,1,1,1,0,0,8,6,4,4,3,3,2,2,0,2,6,0,Excellent,51573728,,,,,,,
7/24/2022 8:11:56,7/23/2022,Night shift,Mrs. Abeer Khalofa,95,5,1,3,0,0,0,0,0,0,0,0,0,2,2,5,4,9,0,4,4,3,3,2,2,1,0,1,0,Good,Maha     FW,,,,,,,
7/24/2022 15:27:26,7/24/2022,Morning shift,Mrs Reeta VALDEVIL,96,6,2,4,5,7,0,0,0,0,0,0,1,1,4,1,0,10,28,8,6,5,5,4,7,0,0,7,0,Good,Sameera,,,,,,,
7/25/2022 0:08:52,7/24/2022,Evening shift,Anitha Mathew,Male. Ward-36      Female ward-39 Total-75,7,1,2,0,0,0,0,0,0,0,0,0,2,2,4,5,8,8,4,4,3,3,3,2,0,2,3,0,Good,Sahar,,,,,,,
7/25/2022 6:52:44,7/24/2022,Night shift,Mrs. Abeer Khalofa,81,6,1,3,10,0,1,0,0,0,1,0,0,2,1,5,6,10,0,4,4,3,3,3,2,0,1,0,0,Good,Walaa  ER,,,,,,,
7/25/2022 15:02:06,7/25/2022,Morning shift,Mrs. Doaa Madkhali,82,11,0,3,0,10,0,1,0,0,0,2,2,1,2,1,0,9,16,8,6,4,3,4,6,0,2,8,0,Excellent,7346915,,,,,,,
 ,,,,,,,,,,,,,,,,,,,,,,,,,,,,,,,,,,,,,,,,,
,,,,,,,,,,,,,,,,,,,,,,,,,,,,,,,,,,,,,,,,,
,,,,,,,,,,,,,,,,,,,,,,,,,,,,,,,,,,,,,,,,,
,,,,,,,,,,,,,,,,,, ,,,,,,,,,,,,,,,,,,,,,,,
,,,,,,,,,,,,,,,,,,,,,,,,,,,,,,,,,,,,,,,,,
,,,,,,,,,,,,,,,,,,,,,,,,,,,,,,,,,,,,,,,,,
,,,,,,,,,,,,,,,,,,,,,,,,,,,,,,,,,,,,,,,,,
,,,,,,,,,,,,,,,,,,,,,,,,,,,,,,,,,,,,,,,,,
,,,,,,,,,,,,,,,,,,,,,,,,,,,,,,,,,,,,,,,,,
,,,,,,,,,,,,,,,,,,,,,,,,,,,,,,,,,,,,,,,,,
,,,,,,,,,,,,,,,,,,,,,,,,,,,,,,,,,,,,,,,,,
,,,,,,,,,,,,,,,,,,,,,,,,,,,,,,,,,,,,,,,,,
,,,,,,,,,,,,,,,,,,,,,,,,,,,,,,,,,,,,,,,,,
,,,,,,,,,,,,,,,,,,,,,,,,,,,,,,,,,,,,,,,,,
,,,,,,,,,,,,,,,,,,,,,,,,,,,,,,,,,,,,,,,,,
,,,,,,,,,,,,,,,,,,,,,,,,,,,,,,,,,,,,,,,,,
,,,,,,,,,,,,,,,,,,,,,,,,,,,,,,,,,,,,,,,,,
,,,,,,,,,,,,,,,,,,,,,,,,,,,,,,,,,,,,,,,,,
,,,,,,,,,,,,,,,,,,,,,,,,,,,,,,,,,,,,,,,,,
,,,,,,,,,,,,,,,,,,,,,,,,,,,,,,,,,,,,,,,,,
,,,,,,,,,,,,,,,,,,,,,,,,,,,,,,,,,,,,,,,,,
,,,,,,,,,,,,,,,,,,,,,,,,,,,,,,,,,,,,,,,,,
,,,,,,,,,,,,,,,,,,,,,,,,,,,,,,,,,,,,,,,,,
,,,,,,,,,,,,,,,,,,,,,,,,,,,,,,,,,,,,,,,,,
,,,,,,,,,,,,,,,,,,,,,,,,,,,,,,,,,,,,,,,,,
,,,,,,,,,,,,,,,,,,,,,,,,,,,,,,,,,,,,,,,,,
,,,,,,,,,,,,,,,,,,,,,,,,,,,,,,,,,,,,,,,,,
,,,,,,,,,,,,,,,,,,,,,,,,,,,,,,,,,,,,,,,,,
,,,,,,,,,,,,,,,,,,,,,,,,,,,,,,,,,,,,,,,,,
,,,,,,,,,,,,,,,,,,,,,,,,,,,,,,,,,,,,,,,,,
,,,,,,,,,,,,,,,,,,,,,,,,,,,,,,,,,,,,,,,,,
,,,,,,,,,,,,,,,,,,,,,,,,,,,,,,,,,,,,,,,,,
,,,,,,,,,,,,,,,,,,,,,,,,,,,,,,,,,,,,,,,,,
,,,,,,,,,,,,,,,,,,,,,,,,,,,,,,,,,,,,,,,,,
,,,,,,,,,,,,,,,,,,,,,,,,,,,,,,,,,,,,,,,,,
,,,,,,,,,,,,,,,,,,,,,,,,,,,,,,,,,,,,,,,,,
,,,,,,,,,,,,,,,,,,,,,,,,,,,,,,,,,,,,,,,,,
,,,,,,,,,,,,,,,,,,,,,,,,,,,,,,,,,,,,,,,,,
,,,,,,,,,,,,,,,,,,,,,,,,,,,,,,,,,,,,,,,,,
,,,,,,,,,,,,,,,,,,,,,,,,,,,,,,,,,,,,,,,,,
,,,,,,,,,,,,,,,,,,,,,,,,,,,,,,,,,,,,,,,,,
,,,,,,,,,,,,,,,,,,,,,,,,,,,,,,,,,,,,,,,,,
,,,,,,,,,,,,,,,,,,,,,,,,,,,,,,,,,,,,,,,,,
,,,,,,,,,,,,,,,,,,,,,,,,,,,,,,,,,,,,,,,,,
,,,,,,,,,,,,,,,,,,,,,,,,,,,,,,,,,,,,,,,,,
,,,,,,,,,,,,,,,,,,,,,,,,,,,,,,,,,,,,,,,,,
,,,,,,,,,,,,,,,,,,,,,,,,,,,,,,,,,,,,,,,,,
,,,,,,,,,,,,,,,,,,,,,,,,,,,,,,,,,,,,,,,,,
,,,,,,,,,,,,,,,,,,,,,,,,,,,,,,,,,,,,,,,,,
,,,,,,,,,,,,,,,,,,,,,,,,,,,,,,,,,,,,,,,,,
,,,,,,,,,,,,,,,,,,,,,,,,,,,,,,,,,,,,,,,,,
,,,,,,,,,,,,,,,,,,,,,,,,,,,,,,,,,,,,,,,,,
,,,,,,,,,,,,,,,,,,,,,,,,,,,,,,,,,,,,,,,,,
,,,,,,,,,,,,,,,,,,,,,,,,,,,,,,,,,,,,,,,,,
,,,,,,,,,,,,,,,,,,,,,,,,,,,,,,,,,,,,,,,,,
,,,,,,,,,,,,,,,,,,,,,,,,,,,,,,,,,,,,,,,,,
,,,,,,,,,,,,,,,,,,,,,,,,,,,,,,,,,,,,,,,,,
,,,,,,,,,,,,,,,,,,,,,,,,,,,,,,,,,,,,,,,,,
,,,,,,,,,,,,,,,,,,,,,,,,,,,,,,,,,,,,,,,,,
,,,,,,,,,,,,,,,,,,,,,,,,,,,,,,,,,,,,,,,,,
,,,,,,,,,,,,,,,,,,,,,,,,,,,,,,,,,,,,,,,,,
,,,,,,,,,,,,,,,,,,,,,,,,,,,,,,,,,,,,,,,,,
,,,,,,,,,,,,,,,,,,,,,,,,,,,,,,,,,,,,,,,,,
,,,,,,,,,,,,,,,,,,,,,,,,,,,,,,,,,,,,,,,,,
,,,,,,,,,,,,,,,,,,,,,,,,,,,,,,,,,,,,,,,,,
,,,,,,,,,,,,,,,,,,,,,,,,,,,,,,,,,,,,,,,,,
,,,,,,,,,,,,,,,,,,,,,,,,,,,,,,,,,,,,,,,,,
,,,,,,,,,,,,,,,,,,,,,,,,,,,,,,,,,,,,,,,,,
,,,,,,,,,,,,,,,,,,,,,,,,,,,,,,,,,,,,,,,,,
,,,,,,,,,,,,,,,,,,,,,,,,,,,,,,,,,,,,,,,,,
,,,,,,,,,,,,,,,,,,,,,,,,,,,,,,,,,,,,,,,,,
,,,,,,,,,,,,,,,,,,,,,,,,,,,,,,,,,,,,,,,,,
,,,,,,,,,,,,,,,,,,,,,,,,,,,,,,,,,,,,,,,,,
,,,,,,,,,,,,,,,,,,,,,,,,,,,,,,,,,,,,,,,,,
,,,,,,,,,,,,,,,,,,,,,,,,,,,,,,,,,,,,,,,,,
,,,,,,,,,,,,,,,,,,,,,,,,,,,,,,,,,,,,,,,,,
,,,,,,,,,,,,,,,,,,,,,,,,,,,,,,,,,,,,,,,,,
,,,,,,,,,,,,,,,,,,,,,,,,,,,,,,,,,,,,,,,,,
,,,,,,,,,,,,,,,,,,,,,,,,,,,,,,,,,,,,,,,,,
,,,,,,,,,,,,,,,,,,,,,,,,,,,,,,,,,,,,,,,,,
,,,,,,,,,,,,,,,,,,,,,,,,,,,,,,,,,,,,,,,,,
,,,,,,,,,,,,,,,,,,,,,,,,,,,,,,,,,,,,,,,,,
,,,,,,,,,,,,,,,,,,,,,,,,,,,,,,,,,,,,,,,,,
,,,,,,,,,,,,,,,,,,,,,,,,,,,,,,,,,,,,,,,,,
,,,,,,,,,,,,,,,,,,,,,,,,,,,,,,,,,,,,,,,,,
,,,,,,,,,,,,,,,,,,,,,,,,,,,,,,,,,,,,,,,,,
,,,,,,,,,,,,,,,,,,,,,,,,,,,,,,,,,,,,,,,,,
,,,,,,,,,,,,,,,,,,,,,,,,,,,,,,,,,,,,,,,,,
,,,,,,,,,,,,,,,,,,,,,,,,,,,,,,,,,,,,,,,,,
,,,,,,,,,,,,,,,,,,,,,,,,,,,,,,,,,,,,,,,,,
,,,,,,,,,,,,,,,,,,,,,,,,,,,,,,,,,,,,,,,,,
,,,,,,,,,,,,,,,,,,,,,,,,,,,,,,,,,,,,,,,,,
,,,,,,,,,,,,,,,,,,,,,,,,,,,,,,,,,,,,,,,,,
,,,,,,,,,,,,,,,,,,,,,,,,,,,,,,,,,,,,,,,,,
,,,,,,,,,,,,,,,,,,,,,,,,,,,,,,,,,,,,,,,,,
,,,,,,,,,,,,,,,,,,,,,,,,,,,,,,,,,,,,,,,,,
,,,,,,,,,,,,,,,,,,,,,,,,,,,,,,,,,,,,,,,,,
,,,,,,,,,,,,,,,,,,,,,,,,,,,,,,,,,,,,,,,,,
,,,,,,,,,,,,,,,,,,,,,,,,,,,,,,,,,,,,,,,,,
,,,,,,,,,,,,,,,,,,,,,,,,,,,,,,,,,,,,,,,,,
,,,,,,,,,,,,,,,,,,,          ,,,,,,,,,,,,,,,,,,,,,,
